timestamp,status,cycle_time_ms,output_count,defect_flag
M02,Running,1363,4,False
M02,Running,1916,2,False
M01,Running,1247,4,False
M01,Running,2266,11,False
M07,Running,2006,5,False
M01,Running,1126,12,False
M05,Running,2363,6,False
M07,Running,1504,10,False
M01,Running,1898,2,False
M07,Running,1400,14,False
M06,Running,2242,2,True
M04,Running,963,14,False
M02,Running,1728,11,False
M03,Running,1229,11,False
M02,Running,1150,9,False
M03,Running,1352,15,False
M09,Running,1464,14,False
M01,Running,865,13,False
M05,Running,1961,15,False
M04,Running,1610,15,False
M08,Running,1085,4,False
M09,Running,1997,7,False
M07,Running,1083,9,False
M01,Idle,1113,11,False
M07,Running,1588,7,False
M08,Running,1933,14,False
M02,Running,1899,13,False
M06,Running,1690,3,False
M05,Maintenance,2360,3,False
M02,Idle,1411,14,False
M10,Running,1565,13,False
M09,Idle,2026,6,False
M02,Idle,2452,5,False
M04,Idle,961,2,False
M02,Maintenance,1890,13,False
M08,Idle,1138,5,False
M10,Running,1233,15,False
M04,Running,1617,11,False
M08,Idle,1724,2,False
M02,Running,2004,9,False
M04,Running,2249,11,False
M02,Idle,1476,2,False
M05,Running,1238,9,False
M10,Running,1297,13,False
M07,Running,998,11,False
M07,Running,2293,1,False
M02,Running,2291,6,False
M02,Running,1189,9,False
M07,Running,1747,4,False
M02,Running,1927,2,False
M09,Idle,991,15,False
M04,Running,1794,8,False
M07,Idle,1137,7,True
M07,Running,2405,13,False
M07,Running,2296,13,False
M08,Running,1407,4,False
M10,Running,924,12,False
M01,Running,1829,15,False
M03,Running,1840,2,False
M02,Running,2182,14,False
M02,Idle,1966,4,False
M01,Running,1658,11,False
M09,Running,1334,4,False
M06,Running,1610,3,False
M05,Running,2339,15,False
M08,Running,1953,2,False
M04,Running,1071,15,False
M02,Idle,1556,5,False
M09,Running,2052,13,False
M01,Running,1935,5,False
M02,Idle,1075,5,False
M02,Running,1118,5,False
M04,Running,1216,11,False
M05,Running,1314,15,False
M01,Running,1667,14,False
M01,Running,1067,11,False
M03,Running,1929,12,False
M01,Running,2215,15,False
M01,Idle,1992,9,False
M03,Running,1546,15,False
M01,Idle,1230,11,False
M02,Running,1946,15,False
M10,Running,1284,14,False
M03,Idle,850,3,False
M06,Running,1643,13,False
M04,Running,2412,12,False
M01,Idle,1255,4,False
M08,Running,2480,13,False
M04,Running,1195,7,False
M02,Maintenance,1371,6,False
M07,Running,1898,6,False
M02,Idle,1334,3,False
M05,Running,2021,7,False
M06,Running,1847,2,False
M10,Running,890,12,False
M09,Idle,1902,11,False
M04,Running,943,11,False
M10,Running,1055,12,False
M09,Running,1636,6,False
M05,Running,1192,7,False
M07,Running,1156,10,False
M07,Running,800,5,False
M07,Running,2042,11,False
M08,Running,1237,9,False
M03,Running,1381,9,False
M10,Running,2476,13,False
M05,Running,1207,3,True
M04,Maintenance,2051,14,False
M08,Running,2089,10,False
M07,Running,1299,3,False
M01,Idle,2377,15,False
M07,Running,2446,12,False
M01,Running,1048,8,False
M08,Running,1944,10,False
M08,Running,2273,15,False
M09,Running,1125,12,False
M08,Running,1306,14,False
M09,Running,1289,5,False
M05,Running,1487,6,False
M02,Running,1273,7,False
M04,Running,1634,6,False
M07,Running,1660,7,False
M10,Idle,840,14,False
M10,Running,812,6,False
M07,Idle,1658,9,False
M09,Running,1251,8,False
M07,Running,1596,6,False
M07,Running,1757,15,False
M10,Running,1606,10,False
M01,Running,1677,3,False
M03,Running,1576,6,False
M06,Running,1576,5,False
M07,Running,967,8,True
M09,Running,1516,4,False
M01,Running,1306,4,False
M10,Running,1058,8,False
M10,Idle,1752,12,False
M06,Running,2043,12,False
M03,Maintenance,1021,10,True
M05,Running,1568,7,False
M04,Running,2214,14,False
M02,Running,1417,14,False
M02,Running,1959,13,True
M09,Running,1558,2,False
M06,Running,1660,14,False
M07,Maintenance,2101,15,False
M03,Running,2302,9,False
M05,Running,1902,13,False
M07,Idle,2013,5,False
M04,Idle,977,5,False
M04,Running,1967,10,False
M06,Running,1465,3,False
M06,Running,1497,5,False
M05,Running,1858,4,False
M07,Running,2352,4,False
M08,Running,835,2,False
M07,Running,1427,11,False
M08,Running,1504,7,False
M09,Running,2239,8,False
M05,Running,2277,4,False
M09,Maintenance,2213,3,False
M08,Running,2007,13,False
M05,Maintenance,1197,5,False
M03,Running,2250,9,False
M01,Maintenance,1933,5,False
M03,Running,2341,8,False
M01,Running,1761,8,False
M03,Maintenance,1317,14,False
M02,Running,951,10,False
M01,Running,2461,10,False
M02,Maintenance,1042,9,False
M10,Running,2066,4,False
M07,Running,1706,5,False
M07,Running,2071,1,False
M02,Idle,1225,11,False
M02,Running,1155,9,False
M01,Running,2211,10,False
M01,Running,2247,5,False
M08,Running,1278,15,False
M10,Running,1205,7,False
M04,Running,1344,14,False
M01,Running,1429,10,False
M10,Idle,1699,2,False
M05,Running,1357,9,False
M08,Running,881,15,False
M06,Running,852,2,False
M10,Running,842,13,False
M05,Running,2362,13,False
M09,Running,1369,3,False
M07,Running,1807,2,False
M07,Running,2172,2,False
M06,Running,1814,5,False
M07,Idle,1926,1,False
M06,Running,1037,13,False
M09,Idle,802,11,False
M08,Running,1184,9,False
M08,Running,2356,1,False
M09,Running,1389,8,False
M08,Running,2090,10,False
M03,Running,828,9,False
M04,Maintenance,1032,8,False
M03,Running,2267,5,False
M05,Running,1788,8,False
M09,Running,1190,15,False
M03,Idle,1365,13,False
M07,Running,2413,9,False
M01,Running,1411,14,False
M08,Idle,1714,9,False
M06,Running,1912,7,False
M06,Idle,2228,4,False
M04,Idle,1641,1,False
M08,Running,2461,7,False
M03,Running,875,3,False
M10,Running,1005,14,False
M02,Running,1735,1,False
M07,Idle,1116,2,False
M05,Running,2218,7,False
M06,Idle,1892,7,False
M08,Idle,873,10,False
M05,Maintenance,2329,2,False
M02,Running,2241,14,False
M03,Running,859,1,False
M01,Running,1567,7,False
M09,Running,2196,13,False
M03,Running,1583,10,False
M08,Idle,1093,4,False
M05,Running,2165,1,False
M08,Idle,2187,9,False
M08,Idle,2003,5,False
M07,Running,1735,14,False
M07,Idle,1018,4,False
M06,Running,2232,5,True
M07,Running,1959,14,False
M01,Idle,2326,8,False
M05,Running,1271,10,False
M04,Running,2071,5,False
M03,Running,2085,11,True
M08,Running,1547,12,False
M05,Running,1650,3,False
M09,Idle,1549,9,False
M05,Idle,1326,15,False
M08,Maintenance,1404,12,False
M02,Running,954,3,False
M04,Idle,2283,11,False
M09,Running,2419,7,True
M09,Running,1554,11,False
M05,Running,2484,11,False
M02,Running,1765,1,False
M09,Running,2049,4,False
M08,Idle,1418,11,False
M03,Running,876,5,False
M02,Running,1900,3,False
M06,Running,2321,12,False
M07,Running,2288,3,False
M02,Idle,2060,7,False
M05,Running,1558,4,False
M04,Idle,1003,11,False
M06,Running,1365,4,False
M08,Running,1234,11,False
M01,Running,1483,4,False
M10,Running,2499,13,False
M10,Running,1277,6,False
M10,Running,1096,3,False
M03,Running,852,3,True
M04,Running,832,3,False
M03,Running,1877,2,False
M08,Running,1541,9,False
M08,Running,2059,1,False
M09,Running,2117,1,False
M08,Idle,1673,11,False
M08,Running,965,6,False
M02,Running,2078,11,False
M06,Running,2023,9,False
M09,Running,1003,13,False
M09,Running,1240,7,False
M04,Running,2494,8,False
M02,Running,1440,11,False
M03,Running,1771,2,False
M02,Running,997,12,False
M03,Running,2001,9,False
M02,Running,2162,13,False
M01,Maintenance,2029,5,False
M10,Running,1116,11,False
M02,Running,1939,6,False
M05,Running,2453,7,False
M10,Running,2116,9,True
M05,Running,1359,12,False
M06,Running,1171,14,False
M07,Running,2317,11,False
M02,Running,1240,7,False
M06,Running,1438,12,False
M10,Running,907,3,False
M10,Running,967,5,False
M07,Running,1705,7,False
M09,Running,1680,2,False
M10,Running,2166,5,True
M07,Maintenance,912,1,False
M04,Running,2365,5,False
M02,Running,2329,7,False
M07,Running,1271,9,False
M06,Running,2319,1,False
M08,Idle,1441,10,False
M07,Running,1655,5,False
M01,Maintenance,1151,13,False
M08,Idle,1541,2,False
M02,Running,2006,7,False
M07,Idle,2327,6,False
M03,Running,2096,2,False
M04,Idle,1515,6,False
M03,Running,1099,5,False
M10,Running,2354,11,False
M08,Running,1954,13,False
M10,Running,2079,6,False
M06,Running,939,8,False
M05,Running,2011,1,False
M02,Running,1725,1,False
M05,Running,984,10,False
M07,Running,1935,13,False
M01,Running,2458,10,False
M06,Running,1826,3,False
M08,Running,1503,12,False
M03,Running,2249,8,False
M09,Running,1125,6,False
M05,Running,2386,6,False
M01,Running,2125,6,False
M02,Running,1591,5,False
M10,Idle,1482,2,False
M03,Idle,1435,11,False
M07,Running,2251,2,False
M07,Running,1472,14,False
M09,Running,2173,7,False
M01,Running,1169,4,False
M08,Running,1081,3,False
M02,Running,1905,14,False
M09,Running,1489,15,False
M03,Running,1115,3,False
M10,Idle,1139,12,False
M07,Running,2273,4,False
M10,Running,2333,13,False
M09,Running,2456,13,False
M04,Running,1968,8,False
M05,Running,1829,9,False
M03,Idle,2440,10,False
M05,Running,1784,14,False
M02,Running,1856,14,False
M02,Running,1358,8,False
M03,Idle,987,15,False
M08,Idle,854,7,False
M09,Running,1590,2,False
M01,Running,1002,14,False
M06,Running,1081,1,False
M08,Running,1084,13,False
M08,Running,962,1,False
M03,Running,2289,10,False
M02,Running,1286,5,False
M04,Running,2425,10,False
M02,Idle,1823,10,False
M09,Running,2271,3,False
M01,Running,1292,10,False
M02,Running,1538,2,False
M09,Running,1839,9,True
M08,Running,1592,6,False
M01,Running,938,6,False
M02,Running,2305,13,False
M01,Running,1493,14,False
M08,Maintenance,1780,11,False
M03,Running,2389,8,True
M04,Running,1208,15,True
M05,Running,2469,9,False
M01,Running,1191,5,False
M01,Idle,1479,5,False
M06,Running,1619,12,False
M07,Running,1182,8,False
M06,Idle,1863,5,False
M07,Running,2033,14,False
M05,Running,963,6,False
M05,Running,2269,7,False
M08,Running,886,12,False
M06,Running,1690,5,False
M01,Running,2105,7,False
M03,Maintenance,1092,14,False
M08,Running,937,4,False
M06,Running,1961,1,False
M08,Idle,1561,8,False
M10,Running,1551,7,False
M05,Running,1032,1,False
M08,Running,1950,2,False
M05,Running,1239,10,False
M08,Running,1077,14,False
M03,Idle,1711,2,False
M06,Running,2253,2,False
M05,Idle,1122,12,False
M03,Running,1841,4,False
M04,Running,1284,13,False
M06,Running,1555,8,False
M09,Running,976,2,False
M08,Running,2375,7,False
M02,Running,1449,11,False
M08,Running,1505,3,False
M09,Running,1172,13,False
M07,Running,913,14,False
M03,Running,1131,6,False
M04,Running,1862,15,False
M02,Running,2100,9,False
M05,Running,991,9,False
M10,Idle,1115,3,False
M10,Running,1954,1,False
M01,Running,2113,13,False
M04,Running,1653,10,False
M08,Idle,1917,5,False
M05,Running,2448,13,False
M05,Running,2210,1,False
M07,Running,1217,6,False
M06,Idle,1453,12,False
M06,Maintenance,1067,13,False
M09,Running,1295,8,False
M08,Running,998,1,False
M07,Idle,1656,4,False
M03,Idle,1983,12,False
M03,Running,1854,8,False
M05,Running,984,7,False
M04,Running,1522,1,False
M08,Running,2139,11,False
M09,Running,1020,7,False
M05,Running,2364,7,False
M07,Running,1950,4,False
M05,Running,1832,8,False
M05,Idle,2076,11,False
M03,Maintenance,1606,6,False
M06,Running,1548,13,False
M10,Running,1824,1,True
M03,Running,2446,8,False
M03,Running,1855,3,False
M10,Running,1604,10,False
M05,Running,1838,14,False
M08,Running,1413,8,False
M06,Running,1024,7,False
M01,Running,1343,11,False
M10,Running,2277,1,False
M03,Running,2276,10,False
M07,Running,2194,4,True
M02,Running,1703,6,False
M07,Running,1640,9,False
M08,Idle,2306,12,False
M03,Running,1948,6,False
M08,Running,1442,3,False
M09,Running,1525,11,False
M05,Running,1193,4,False
M05,Running,1409,13,False
M04,Running,1801,6,False
M09,Idle,2428,12,False
M02,Running,1912,7,False
M07,Idle,2383,13,False
M01,Running,2262,2,False
M08,Running,2330,8,False
M09,Running,1951,12,False
M02,Running,2001,4,False
M09,Running,1276,1,False
M06,Running,1005,11,False
M01,Maintenance,1123,7,False
M08,Running,1208,13,False
M06,Running,921,15,False
M10,Running,2312,12,False
M01,Idle,1158,7,False
M03,Idle,874,14,False
M08,Running,2333,14,False
M01,Running,1963,10,False
M06,Running,2113,9,False
M03,Idle,1758,5,False
M02,Running,2297,8,False
M03,Running,1490,13,False
M04,Running,2108,15,False
M07,Running,977,7,False
M03,Maintenance,1777,6,False
M01,Running,1282,8,False
M06,Running,2280,10,True
M06,Running,927,11,False
M05,Running,2205,9,False
M05,Running,2108,15,False
M06,Running,1248,3,False
M08,Running,2040,6,False
M09,Idle,2351,9,False
M04,Running,2193,13,False
M02,Running,1881,12,False
M10,Running,2497,9,False
M04,Running,1106,3,False
M09,Running,2193,4,False
M08,Running,1845,8,False
M08,Running,1650,8,False
M09,Running,2452,5,False
M07,Running,806,12,False
M02,Running,1505,12,False
M01,Idle,941,15,False
M05,Running,2374,3,False
M07,Running,1583,8,False
M07,Running,2198,11,False
M03,Running,1512,2,False
M09,Running,1060,12,False
M01,Running,1411,8,False
M09,Running,1576,14,False
M08,Running,1364,4,False
M02,Running,2152,7,False
M01,Running,937,2,False
M08,Running,2240,14,True
M01,Running,1279,9,False
M01,Running,1392,4,False
M10,Running,2024,13,False
M06,Running,1093,11,False
M07,Running,924,9,False
M03,Running,1674,9,False
M06,Idle,2174,7,False
M06,Running,1636,3,False
M03,Running,1769,4,False
M05,Idle,1095,13,False
M01,Running,1653,9,False
M07,Running,1216,6,False
M08,Idle,989,9,False
M04,Running,1572,11,False
M01,Idle,1185,13,False
M09,Running,1227,14,False
M05,Maintenance,831,4,False
M02,Running,2344,8,False
M10,Running,1612,15,False
M06,Running,1579,8,False
M06,Running,1536,9,False
M08,Running,2279,8,False
M06,Idle,1559,6,False
M10,Idle,2318,3,True
M09,Idle,1986,12,False
M03,Running,1271,7,False
M04,Running,2140,11,False
M08,Maintenance,2114,12,False
M03,Running,1521,3,False
M09,Running,1910,11,False
M09,Running,952,14,False
M01,Running,2091,4,False
M03,Running,1835,8,False
M10,Running,2062,15,False
M08,Running,1889,9,False
M01,Running,1362,9,False
M01,Running,2229,11,False
M03,Running,997,9,False
M04,Running,1316,14,False
M07,Running,1631,8,False
M04,Running,2495,14,False
M01,Running,1576,7,False
M01,Running,2239,3,False
M07,Running,1478,10,False
M02,Idle,887,4,False
M10,Running,895,15,False
M05,Idle,1954,11,True
M06,Running,1224,10,False
M07,Idle,1412,3,False
M10,Idle,1596,11,False
M06,Running,2314,3,False
M02,Running,1508,1,False
M04,Idle,1497,10,False
M10,Running,2384,6,True
M05,Running,1722,8,False
M09,Idle,1684,3,False
M07,Running,2066,5,False
M02,Running,1115,7,False
M03,Running,1448,6,False
M01,Idle,1710,6,False
M02,Running,1183,7,False
M09,Running,1011,1,False
M09,Running,2024,13,False
M07,Running,1647,7,False
M09,Idle,1297,10,False
M07,Running,1350,5,False
M03,Running,1690,5,False
M08,Running,1539,5,False
M08,Running,1200,8,False
M05,Running,1610,6,False
M07,Idle,1474,8,False
M10,Running,1456,10,False
M04,Running,1163,7,False
M05,Running,2096,8,False
M04,Running,1374,14,False
M06,Running,1954,4,False
M09,Running,2372,9,True
M08,Idle,1229,8,False
M02,Idle,2429,13,False
M08,Running,1420,4,False
M03,Running,2416,7,False
M10,Running,1620,9,False
M07,Running,2419,6,False
M09,Running,974,2,False
M06,Running,2054,1,False
M07,Maintenance,1479,13,False
M01,Running,1254,9,False
M09,Running,1978,4,False
M07,Running,2191,10,False
M03,Running,850,8,False
M07,Idle,975,2,False
M03,Running,1502,8,False
M09,Running,1775,2,False
M08,Running,1414,1,False
M02,Running,1502,11,False
M03,Idle,2316,4,False
M09,Running,1946,7,False
M04,Running,2089,3,False
M07,Running,2310,10,False
M08,Running,1596,1,False
M04,Running,2241,13,False
M10,Running,1899,3,False
M04,Running,1337,11,False
M09,Maintenance,1441,10,False
M07,Running,1512,6,False
M10,Running,2179,12,False
M10,Running,2176,3,False
M04,Running,1174,6,False
M09,Running,2021,3,False
M07,Running,2101,9,False
M03,Running,1802,5,False
M06,Idle,2068,1,False
M01,Running,1199,14,False
M09,Running,1813,7,False
M07,Running,1709,8,False
M10,Running,2358,4,False
M05,Running,1391,3,False
M10,Running,2368,8,False
M02,Running,1348,13,False
M06,Running,2349,1,False
M08,Running,1670,2,False
M04,Running,866,8,False
M02,Running,1040,13,False
M04,Idle,2004,12,False
M10,Running,1139,10,False
M04,Idle,2449,1,False
M09,Running,1903,3,False
M05,Running,1347,14,False
M02,Running,2336,13,False
M01,Maintenance,2143,3,False
M03,Running,2256,6,False
M07,Running,1982,11,False
M07,Running,954,11,False
M02,Running,2335,5,False
M06,Running,1799,6,False
M02,Running,1738,11,False
M06,Idle,2429,9,False
M07,Idle,1813,5,False
M05,Running,1983,3,False
M08,Running,2197,13,True
M02,Running,1741,1,False
M03,Running,801,7,False
M03,Idle,1418,3,False
M05,Running,1538,5,False
M03,Running,2081,5,False
M04,Running,986,12,False
M04,Running,1071,10,False
M08,Running,2224,6,False
M07,Running,1778,2,False
M02,Running,1009,2,False
M05,Running,2384,14,False
M03,Running,2186,3,False
M10,Running,2131,3,False
M04,Running,1110,15,False
M08,Idle,977,15,False
M02,Running,1586,6,False
M06,Running,1307,5,False
M04,Running,2028,12,False
M01,Idle,2148,15,False
M09,Running,1186,12,False
M01,Running,2425,4,False
M02,Running,2106,10,False
M01,Maintenance,1448,3,False
M10,Running,1918,11,False
M08,Maintenance,2377,2,True
M02,Running,1241,1,False
M07,Running,2087,12,False
M07,Running,1623,2,False
M09,Running,1368,2,False
M09,Idle,2454,3,False
M07,Running,2363,14,False
M02,Running,1695,12,False
M04,Running,976,15,False
M08,Running,912,5,False
M03,Running,2249,3,False
M03,Running,1510,9,False
M05,Running,1059,12,False
M05,Running,1041,13,False
M06,Idle,1357,9,False
M10,Running,1816,8,False
M01,Running,1960,3,False
M05,Running,1975,11,False
M04,Running,805,1,False
M01,Running,1766,6,False
M03,Running,872,9,False
M07,Running,1308,7,False
M06,Running,959,10,False
M09,Running,907,3,False
M09,Maintenance,1621,2,False
M05,Running,1436,6,False
M08,Running,1210,5,False
M05,Running,1296,8,False
M08,Maintenance,2389,4,False
M09,Running,1302,3,True
M07,Running,1909,6,False
M01,Maintenance,802,13,False
M05,Running,1885,4,False
M01,Maintenance,1091,12,False
M01,Idle,1864,7,False
M06,Running,2331,2,False
M09,Running,2479,7,False
M10,Running,2156,3,False
M05,Idle,2440,7,False
M06,Running,1356,4,False
M04,Running,2377,10,False
M02,Running,1754,6,False
M09,Running,2377,4,False
M08,Running,1045,2,False
M05,Idle,2227,10,True
M06,Running,2256,4,False
M07,Running,2186,5,False
M03,Running,1628,14,False
M09,Running,1746,2,False
M03,Running,926,14,False
M04,Running,2486,7,False
M02,Running,1330,15,False
M01,Maintenance,1204,15,False
M03,Running,2498,13,False
M01,Idle,903,3,False
M07,Idle,1608,8,True
M07,Running,1239,15,False
M05,Running,1104,1,False
M10,Running,1404,8,False
M09,Running,979,5,False
M07,Running,2432,9,False
M09,Running,1583,13,False
M08,Running,1792,6,False
M09,Running,1353,3,True
M10,Running,2460,13,False
M08,Running,2370,10,False
M03,Running,2145,4,False
M01,Running,1249,10,False
M07,Running,1155,3,False
M06,Idle,2228,6,False
M01,Running,1520,10,False
M10,Idle,2459,15,False
M09,Running,1804,1,False
M04,Running,840,9,False
M06,Idle,1212,13,False
M03,Idle,1462,1,True
M10,Running,1090,13,False
M09,Idle,948,6,False
M07,Running,1489,5,False
M03,Running,1694,13,False
M08,Running,1156,12,False
M10,Running,1257,11,False
M03,Running,2303,12,False
M03,Running,2237,10,False
M10,Running,2033,6,False
M10,Running,1958,2,False
M03,Running,959,4,False
M06,Running,981,14,False
M06,Running,1343,4,False
M02,Running,2411,2,False
M01,Running,2300,7,False
M07,Running,1575,6,False
M02,Idle,2415,14,False
M04,Running,950,13,False
M05,Running,1334,2,False
M03,Idle,1129,12,False
M02,Running,2056,15,False
M01,Running,2138,3,False
M07,Running,1007,6,False
M04,Running,1934,12,False
M09,Running,1376,5,False
M01,Running,1925,14,False
M01,Running,1675,2,False
M10,Running,998,1,False
M05,Maintenance,1769,14,False
M07,Running,2153,5,False
M09,Running,1559,15,False
M03,Running,1339,8,False
M04,Idle,1955,1,False
M02,Running,1504,13,False
M10,Running,924,14,False
M09,Running,1896,11,False
M08,Running,1282,8,False
M07,Idle,2262,1,False
M09,Idle,2187,10,False
M08,Running,1142,4,False
M03,Running,960,11,False
M03,Idle,1328,6,False
M02,Running,1939,7,False
M05,Running,825,13,False
M10,Running,1659,2,False
M03,Running,1993,13,False
M02,Idle,1952,13,False
M05,Idle,1504,15,False
M07,Running,1971,10,False
M03,Running,1094,10,False
M07,Running,1478,12,False
M08,Idle,1562,1,False
M05,Running,1806,14,False
M02,Maintenance,1266,3,False
M08,Running,1457,5,False
M10,Running,1184,8,False
M07,Running,2355,9,False
M01,Running,1125,2,False
M09,Running,2398,14,False
M10,Running,1194,15,False
M01,Running,1734,1,False
M04,Running,2486,8,False
M02,Running,1295,6,False
M08,Running,1771,10,False
M06,Running,1329,12,False
M02,Running,1591,1,False
M10,Running,1238,14,False
M04,Running,1351,11,False
M01,Idle,2371,11,True
M03,Running,2031,13,True
M05,Running,1425,12,False
M05,Running,1571,14,False
M05,Running,1418,11,False
M10,Running,1009,1,False
M06,Running,2016,10,False
M02,Running,1488,5,False
M05,Running,2256,15,False
M04,Running,2367,4,False
M10,Running,1454,11,False
M01,Running,1405,5,False
M07,Running,872,10,False
M10,Idle,1502,12,False
M09,Running,1774,15,False
M06,Running,1148,14,False
M09,Running,999,8,False
M05,Running,1944,13,False
M06,Running,1255,6,False
M05,Running,1478,6,False
M05,Running,1041,8,False
M10,Running,2071,2,False
M04,Running,2194,7,False
M07,Running,1108,3,False
M06,Running,1966,15,False
M08,Running,2265,3,False
M08,Running,1162,6,False
M01,Running,1228,13,False
M10,Running,1802,13,False
M02,Running,1688,11,False
M07,Maintenance,1585,1,True
M04,Running,828,15,False
M09,Running,2185,1,False
M04,Running,1505,5,False
M07,Running,1426,3,False
M01,Running,1395,8,False
M10,Running,1688,15,False
M03,Running,1803,6,False
M03,Idle,2462,7,True
M04,Running,1068,4,False
M10,Running,1052,6,False
M01,Running,2111,5,False
M10,Running,898,11,False
M01,Running,1037,7,False
M02,Running,1771,12,False
M01,Running,2155,2,False
M05,Running,2235,3,False
M02,Running,2065,2,False
M02,Running,2047,4,False
M09,Maintenance,1533,12,False
M03,Running,1816,15,False
M08,Running,805,1,False
M02,Idle,2170,8,False
M02,Running,953,12,False
M05,Running,1735,5,False
M01,Running,1157,14,True
M05,Running,2186,6,False
M02,Running,2352,15,True
M03,Running,1149,6,False
M08,Maintenance,1349,15,False
M06,Idle,1174,2,False
M08,Running,1589,12,False
M07,Running,2432,3,False
M01,Maintenance,1126,2,False
M10,Running,1965,11,False
M10,Running,1534,10,True
M03,Running,1799,2,False
M08,Running,1335,11,False
M09,Running,1980,12,False
M06,Running,2209,12,False
M07,Running,1309,8,False
M07,Running,2492,9,False
M10,Running,2117,15,False
M08,Idle,1138,2,False
M06,Running,1369,1,False
M09,Running,1625,14,False
M08,Running,1973,8,False
M08,Running,1043,8,False
M01,Running,1644,1,False
M01,Idle,2421,10,False
M05,Idle,1951,4,False
M08,Maintenance,1544,14,False
M04,Idle,1479,9,False
M10,Running,2145,6,False
M02,Running,2149,4,True
M06,Idle,2438,5,False
M06,Running,893,15,False
M03,Idle,2320,12,False
M05,Running,1184,2,False
M07,Running,2488,13,False
M06,Running,1648,1,False
M10,Running,1722,8,False
M09,Running,1821,1,False
M01,Running,1686,14,False
M09,Running,1162,12,False
M03,Running,2146,10,False
M06,Running,1587,7,False
M04,Running,1502,5,False
M03,Running,2033,12,False
M09,Running,2236,9,False
M09,Running,1211,4,False
M05,Running,2177,3,False
M03,Running,2221,11,False
M02,Running,1951,8,False
M07,Running,1893,5,False
M07,Idle,1870,2,True
M03,Running,915,4,False
M03,Maintenance,2199,5,False
M01,Running,1404,4,False
M01,Running,1726,2,False
M09,Idle,2320,11,False
M04,Running,2431,13,False
M01,Idle,1593,7,False
M06,Maintenance,910,1,False
M04,Running,2399,14,False
M04,Idle,2243,12,False
M10,Running,2035,4,False
M04,Running,1163,11,False
M03,Running,1044,7,True
M05,Running,1066,3,False
M05,Running,1755,12,False
M01,Running,1460,10,False
M10,Idle,1416,8,False
M09,Running,2405,12,False
M04,Maintenance,1866,2,False
M03,Running,1899,7,False
M04,Idle,2158,6,False
M05,Running,2341,10,False
M09,Idle,2129,1,False
M06,Running,2115,10,False
M04,Maintenance,2197,15,False
M02,Running,1906,12,False
M09,Idle,1567,9,False
M08,Running,1407,15,False
M06,Running,996,3,False
M09,Running,2083,2,False
M04,Idle,1668,14,False
M09,Idle,2318,13,False
M02,Running,1114,1,False
M06,Running,950,1,False
M05,Running,1977,14,False
M05,Running,1723,11,False
M06,Running,2178,2,False
M10,Running,2327,10,True
M02,Running,1829,2,False
M05,Running,1376,13,False
M07,Running,2153,1,False
M09,Running,2329,7,False
M09,Running,2098,3,False
M06,Maintenance,822,9,False
M03,Running,810,10,False
M09,Running,974,5,False
M06,Running,2122,14,False
M03,Running,2063,14,False
M02,Running,2437,10,False
M09,Running,1925,2,False
M02,Running,1204,12,False
M06,Running,2174,11,False
M05,Running,1196,6,False
M06,Running,1426,12,False
M10,Running,2454,6,False
M03,Running,1304,13,False
M07,Running,1536,3,False
M06,Idle,1747,8,False
M05,Running,1022,3,False
M02,Idle,2492,3,False
M04,Running,2083,2,False
M01,Idle,2093,1,False
M10,Running,2008,4,False
M09,Running,1905,8,False
M03,Running,1257,15,False
M05,Running,1826,9,False
M06,Running,2157,4,False
M10,Running,2350,9,False
M03,Running,1958,11,False
M03,Running,1790,6,True
M08,Running,1341,6,False
M04,Running,2420,6,False
M08,Idle,881,11,False
M09,Running,1360,14,False
M10,Running,1156,7,False
M06,Running,959,9,False
M04,Running,1522,14,False
M08,Running,2037,1,False
M03,Running,1271,2,False
M05,Running,1182,3,False
M02,Running,1649,13,False
M02,Running,1780,8,False
M03,Running,1641,1,False
M03,Running,1129,3,False
M01,Idle,1100,1,False
M03,Running,1630,10,False
M01,Idle,2290,11,False
M02,Running,2042,8,False
M03,Running,1641,10,False
M10,Idle,1172,10,False
M05,Running,2204,6,False
M10,Running,1270,7,False
M02,Running,1870,14,False
M07,Idle,2040,2,False
M10,Running,2405,9,False
M02,Running,2150,3,False
M09,Idle,2386,11,False
M09,Running,888,12,False
M04,Idle,1787,13,False
M06,Running,2318,15,False
M10,Running,1074,5,False
M04,Idle,971,5,False
M09,Running,1187,1,False
M01,Running,1041,9,True
M04,Running,1446,7,False
M03,Running,1998,5,False
M09,Running,1548,10,False
M07,Running,1646,9,False
M08,Running,1945,9,False
M05,Running,2385,12,False
M03,Idle,2150,2,False
M08,Running,1131,2,False
M07,Running,2440,9,False
M01,Running,2102,1,False
M03,Running,2029,7,False
M05,Running,963,10,True
M07,Idle,1620,10,False
M05,Running,2023,1,False
M03,Running,1699,1,False
M09,Running,868,13,False
M09,Running,2059,3,False
M06,Running,800,3,False
M05,Running,1523,11,False
M10,Running,831,12,False
M02,Running,2287,14,False
M10,Running,2470,5,False
M04,Running,1627,10,True
M03,Running,1018,9,False
M05,Running,1039,13,False
M05,Idle,2465,13,False
M08,Maintenance,1953,8,False
M06,Maintenance,1739,11,False
M10,Idle,1787,2,False
M07,Running,1251,11,False
M06,Running,1523,9,False
M05,Running,990,7,False
M06,Running,1165,8,False
M04,Idle,1351,3,False
M04,Running,1208,4,False
M05,Running,1215,14,False
M10,Running,2395,2,False
M02,Running,2158,8,False
M09,Maintenance,1787,6,False
M08,Idle,1976,14,False
M03,Maintenance,1846,5,False
M10,Running,1876,13,False
M09,Running,1511,7,False
M03,Running,1046,12,False
M06,Running,824,11,False
M10,Running,1540,10,False
M03,Running,1285,5,False
M10,Running,1176,8,False
M07,Running,1562,6,False
M05,Running,1970,3,False
M04,Idle,2276,5,False
M09,Running,1580,4,False
M03,Running,819,3,False
M03,Maintenance,2091,9,False
M06,Running,1414,5,False
M10,Running,1002,12,False
M04,Idle,1775,14,False
M08,Running,1332,6,False
M09,Idle,1327,6,True
M02,Running,2191,10,False
M10,Running,1902,3,False
M05,Running,2178,9,False
M08,Idle,1580,10,False
M03,Idle,2111,13,False
M07,Running,1970,7,False
M02,Running,1503,4,False
M05,Running,2039,11,False
M08,Running,1543,12,False
M08,Running,1176,14,True
M04,Running,2323,12,False
M04,Running,1010,2,False
M08,Running,853,13,False
M02,Running,2065,3,False
M07,Running,1306,12,False
M03,Running,1149,1,True
M06,Idle,1466,14,False
M09,Idle,1923,8,False
M09,Running,2023,8,False
M10,Running,2110,11,False
M06,Running,1265,13,False
M05,Running,1332,3,False
M01,Running,2352,14,False
M05,Running,817,12,False
M08,Running,2368,7,False
M10,Running,814,9,False
M07,Idle,1695,7,False
M07,Idle,1251,5,False
M04,Running,2438,15,False
M05,Running,2321,9,False
M07,Running,940,3,False
M02,Running,2065,8,False
M10,Running,1456,1,False
M09,Running,1009,5,False
M08,Running,1276,2,False
M08,Running,1660,5,False
M08,Maintenance,1749,12,False
M06,Running,2337,3,False
M07,Running,1762,3,False
M05,Idle,2496,1,False
M04,Running,1707,4,False
M01,Running,2305,13,False
M04,Running,2195,5,False
M03,Running,886,12,False
M09,Running,1785,11,False
M06,Idle,2165,4,False
M04,Running,1464,1,False
M05,Running,1610,13,False
M01,Running,2214,8,False
M03,Running,983,4,False
M02,Running,1493,15,False
M01,Running,2120,3,False
M02,Running,1276,6,False
M06,Idle,1698,12,False
M07,Running,1075,5,False
M08,Running,1944,5,False
M08,Running,1182,9,False
M08,Running,2026,15,False
M03,Running,1117,8,False
M05,Running,1729,1,False
M09,Running,1179,15,True
M06,Running,1289,6,False
M09,Idle,1188,9,False
M09,Running,1379,6,False
M06,Running,1871,11,False
M03,Running,864,4,False
M04,Running,1969,11,False
M08,Running,2236,10,False
M06,Running,2270,2,True
M04,Running,963,8,False
M01,Running,2322,15,False
M06,Running,919,14,False
M09,Running,944,14,False
M04,Maintenance,998,2,False
M09,Running,1195,9,False
M10,Running,1166,9,False
M07,Running,2369,11,False
M08,Running,1674,15,False
M03,Running,1833,6,False
M09,Maintenance,1707,15,False
M06,Running,1464,14,False
M07,Idle,1462,10,False
M09,Running,2368,9,False
M05,Running,1726,8,False
M01,Running,1382,10,True
M03,Maintenance,1418,1,False
M04,Running,1444,1,False
M05,Idle,1847,9,False
M10,Running,877,8,False
M03,Running,1992,4,False
M05,Running,1618,10,False
M02,Running,2423,8,False
M10,Idle,995,10,False
M01,Running,1980,7,False
M01,Idle,1484,6,False
M07,Running,1046,14,False
M10,Idle,2098,13,False
M01,Running,884,6,False
M03,Running,2229,4,False
M07,Maintenance,2341,10,False
M02,Running,1393,13,False
M03,Running,1774,10,False
M09,Running,974,7,False
M03,Running,1784,9,False
M07,Running,1201,9,False
M09,Running,946,5,False
M06,Running,1979,2,False
M07,Running,1513,4,False
M10,Running,2376,5,False
M06,Running,2444,8,False
M08,Running,2475,4,False
M06,Running,2291,14,False
M01,Running,2071,15,False
M05,Running,2220,13,False
M08,Running,1479,4,False
M04,Running,1871,13,False
M08,Running,1089,12,False
M01,Running,2158,9,True
M03,Running,1211,13,False
M05,Running,2140,1,False
M05,Running,2151,6,False
M01,Running,2129,7,False
M07,Running,2253,2,False
M08,Idle,1888,2,False
M09,Maintenance,1948,15,False
M01,Running,1884,5,False
M07,Running,837,6,False
M06,Running,1283,9,False
M01,Running,1592,15,False
M01,Idle,1373,4,False
M07,Running,979,12,False
M10,Idle,2205,4,False
M10,Running,1439,15,False
M08,Running,1223,11,False
M09,Running,1214,14,False
M09,Idle,1680,15,False
M03,Running,1956,15,False
M02,Running,2273,2,False
M03,Running,2367,6,False
M07,Maintenance,1421,8,False
M05,Running,1184,2,False
M01,Running,2053,10,False
M10,Running,2021,4,False
M01,Running,2209,13,False
M09,Idle,1760,12,False
M03,Idle,1806,8,False
M04,Running,1636,13,False
M05,Maintenance,1255,12,False
M04,Running,935,3,False
M08,Idle,1803,12,False
M08,Idle,1675,7,False
M10,Running,1579,12,False
M10,Idle,1971,10,False
M01,Running,1724,8,False
M01,Idle,1303,9,False
M01,Running,1857,13,False
M01,Running,1700,7,False
M05,Running,1665,5,False
M01,Running,1091,8,False
M08,Running,1825,2,False
M10,Idle,2225,9,False
M07,Running,851,3,False
M04,Idle,984,5,False
M03,Running,1053,2,False
M08,Running,974,9,False
M09,Running,1127,7,False
M01,Running,1486,10,False
M03,Running,1096,3,False
M01,Running,1433,12,False
M08,Running,1170,2,False
M04,Running,2367,5,True
M08,Idle,1913,13,True
M08,Running,2005,11,False
M07,Running,2031,10,True
M09,Running,2087,9,False
M04,Running,1103,1,False
M01,Running,866,11,False
M10,Running,979,1,False
M03,Running,1382,10,False
M10,Running,1951,3,False
M10,Running,873,2,False
M06,Running,1576,14,False
M07,Idle,932,5,False
M02,Running,1362,6,False
M09,Running,1228,10,False
M10,Running,2088,9,False
M08,Running,2038,15,False
M05,Running,1448,5,False
M10,Running,1065,10,False
M09,Running,1819,8,False
M10,Running,1394,4,True
M01,Running,2431,2,False
M04,Running,1649,7,True
M06,Running,2105,4,True
M04,Running,1321,13,False
M05,Running,1463,13,True
M06,Running,2283,10,False
M01,Idle,1197,6,False
M08,Idle,2432,1,False
M08,Running,1743,15,False
M06,Running,2467,7,False
M01,Idle,1413,10,False
M06,Running,838,4,False
M06,Running,2429,6,False
M03,Running,863,6,False
M09,Idle,1969,10,False
M10,Running,2402,13,False
M06,Running,1356,7,False
M04,Running,2498,5,False
M05,Running,1566,13,True
M04,Idle,1708,9,True
M08,Idle,1115,4,False
M08,Running,1872,5,False
M03,Running,1001,14,False
M09,Running,1071,4,False
M08,Running,1869,2,True
M01,Running,2017,14,False
M08,Idle,1011,9,False
M05,Running,2353,5,False
M04,Running,1194,5,False
M06,Running,2174,2,False
M03,Running,831,10,False
M02,Running,1517,9,False
M03,Idle,2446,5,False
M03,Running,2055,15,False
M08,Running,859,8,False
M01,Running,910,2,False
M03,Running,2013,11,False
M08,Running,1439,6,False
M09,Running,2347,13,False
M03,Running,2443,15,False
M02,Running,2201,11,False
M08,Running,1258,3,False
M10,Running,1544,7,False
M06,Running,1465,8,False
M02,Running,1519,8,False
M03,Running,1513,10,False
M09,Running,2474,12,False
M06,Running,945,13,False
M08,Running,1646,4,False
M09,Running,1787,7,False
M04,Idle,2010,7,False
M07,Running,1500,9,False
M03,Running,959,12,False
M10,Idle,1034,10,False
M06,Running,2483,8,False
M07,Running,1022,11,False
M07,Running,2120,11,False
M04,Idle,1989,15,False
M01,Running,2153,3,False
M05,Running,1983,8,False
M06,Running,2426,15,False
M07,Running,1505,2,False
M10,Maintenance,1627,14,False
M05,Running,1924,1,True
M09,Idle,1535,2,False
M01,Running,2238,10,False
M06,Running,1631,7,False
M04,Running,1772,3,False
M07,Idle,1537,14,False
M05,Maintenance,2172,3,False
M02,Running,1094,12,False
M07,Maintenance,1078,2,False
M07,Idle,2415,12,False
M07,Running,1730,9,False
M08,Running,1262,3,False
M01,Running,2296,4,False
M05,Running,1918,10,False
M01,Running,2243,6,False
M08,Maintenance,963,3,False
M09,Maintenance,2337,13,False
M09,Running,2049,2,False
M02,Running,1904,13,False
M10,Running,1503,9,False
M08,Running,1760,10,False
M07,Running,2434,5,False
M01,Running,2023,12,False
M10,Running,2088,8,False
M10,Running,1397,13,False
M01,Running,968,3,False
M05,Running,2061,5,False
M05,Running,1028,10,False
M10,Running,2149,8,False
M03,Running,2235,4,False
M09,Idle,1502,2,False
M10,Idle,1115,14,False
M07,Running,1287,11,False
M03,Running,2303,14,False
M05,Running,1037,1,False
M07,Running,1775,12,False
M09,Running,2199,12,False
M05,Running,1690,1,False
M08,Running,1446,9,False
M01,Running,1888,11,False
M07,Running,2135,14,False
M05,Running,1001,5,False
M07,Running,2182,12,False
M10,Running,1864,6,False
M03,Running,821,11,True
M02,Running,1000,9,False
M08,Running,2285,5,False
M01,Running,988,1,False
M04,Maintenance,2106,2,False
M02,Running,2038,3,False
M10,Idle,1178,15,False
M03,Running,1756,11,False
M08,Idle,1366,13,False
M06,Running,2398,2,False
M01,Running,1481,1,False
M05,Running,942,8,False
M04,Running,1165,11,False
M03,Running,1683,4,False
M02,Idle,2265,5,False
M02,Running,2290,5,False
M01,Idle,1104,11,False
M01,Running,1345,3,False
M07,Running,1855,12,False
M08,Running,1627,14,False
M02,Running,806,7,False
M08,Running,1896,15,False
M06,Running,1620,1,False
M02,Running,1496,2,False
M05,Running,1161,9,True
M07,Running,1412,12,False
M02,Running,1535,8,False
M08,Running,1086,1,False
M10,Running,1596,2,False
M05,Running,2462,8,False
M01,Running,914,6,False
M01,Running,1233,13,False
M09,Running,2188,14,False
M03,Running,1277,15,False
M03,Running,839,8,False
M10,Running,2236,11,False
M03,Running,1429,14,False
M08,Running,2010,2,False
M02,Running,2018,13,False
M02,Idle,1672,6,False
M07,Running,2201,10,False
M06,Idle,2424,4,False
M10,Running,929,2,False
M07,Running,1557,9,False
M04,Idle,883,3,False
M10,Running,1123,1,False
M02,Running,1167,15,False
M10,Idle,1652,12,False
M08,Running,1222,3,False
M09,Running,1289,3,False
M01,Running,2268,8,False
M02,Running,2402,5,False
M01,Running,1193,2,False
M02,Running,2358,9,False
M08,Running,2150,4,False
M04,Running,1105,11,False
M08,Running,1127,11,False
M01,Running,1383,4,False
M06,Running,2353,8,True
M01,Idle,1160,3,False
M08,Running,945,15,False
M08,Running,1467,7,False
M06,Running,1025,6,False
M04,Running,1209,7,False
M02,Running,1792,1,False
M03,Running,2048,8,False
M06,Running,2274,4,False
M05,Running,1060,1,False
M01,Running,1027,14,False
M07,Running,1503,4,False
M10,Running,2427,11,False
M03,Running,1932,14,False
M07,Idle,1801,14,False
M10,Running,1747,5,True
M07,Running,1305,4,False
M10,Running,2011,3,False
M01,Running,890,1,False
M09,Running,1887,7,False
M02,Running,1292,2,False
M01,Running,1632,4,False
M05,Running,985,1,False
M05,Running,1740,14,False
M10,Running,1731,8,False
M07,Running,1558,11,False
M01,Idle,944,7,False
M06,Running,1407,7,False
M10,Running,2427,4,False
M02,Running,1487,12,False
M09,Idle,2181,6,False
M02,Running,1753,10,True
M06,Running,1944,12,False
M04,Running,1485,4,False
M08,Running,2340,10,False
M04,Running,2358,4,False
M05,Running,1666,5,False
M06,Running,1795,9,False
M02,Running,1889,11,False
M05,Running,1553,13,False
M02,Running,1737,2,False
M03,Running,957,2,False
M02,Running,1816,3,False
M09,Maintenance,846,5,False
M09,Idle,1770,6,False
M01,Running,928,1,False
M04,Idle,1864,11,False
M10,Running,2123,13,False
M10,Running,1885,14,False
M08,Running,1070,15,False
M03,Running,1264,8,False
M05,Running,896,3,False
M08,Maintenance,2066,15,False
M09,Running,1159,14,False
M03,Running,1039,1,False
M10,Running,1333,6,False
M09,Running,2163,6,False
M03,Running,1905,3,False
M02,Idle,1628,15,False
M03,Idle,1455,3,True
M09,Maintenance,1478,11,False
M08,Idle,2344,10,False
M10,Running,1705,6,False
M08,Idle,1085,11,False
M05,Running,2064,14,False
M06,Running,912,10,False
M10,Running,2400,15,False
M04,Running,1902,14,False
M02,Maintenance,1607,4,False
M10,Running,914,15,False
M07,Running,1675,6,False
M01,Running,1519,5,False
M09,Running,2290,15,False
M07,Idle,1391,3,False
M07,Running,1648,3,False
M10,Running,1225,5,False
M09,Maintenance,935,15,False
M07,Running,1638,11,False
M07,Running,1746,12,False
M03,Running,1581,5,False
M01,Idle,1418,14,False
M08,Running,1749,4,True
M01,Running,1414,11,False
M08,Running,2163,15,False
M03,Running,2208,11,False
M02,Running,1809,2,False
M06,Running,1958,7,False
M08,Maintenance,2475,2,False
M10,Running,1331,3,False
M03,Running,2219,3,False
M01,Running,1659,11,False
M06,Running,1397,9,False
M02,Running,2369,11,False
M02,Running,1142,9,False
M06,Idle,2202,13,False
M06,Running,1987,6,False
M01,Running,1376,6,False
M07,Running,1133,2,False
M09,Running,1185,13,False
M10,Running,1876,14,False
M09,Running,2443,2,False
M02,Running,1068,15,True
M06,Running,1542,3,False
M10,Running,1500,3,False
M01,Running,1042,4,False
M03,Running,1429,3,False
M02,Running,2362,13,False
M01,Running,2351,7,True
M02,Running,2151,9,False
M08,Running,1318,1,False
M01,Running,2402,2,False
M04,Running,1209,3,False
M01,Running,2328,5,False
M06,Running,1825,13,False
M04,Running,939,2,False
M01,Running,2265,4,False
M03,Idle,1900,1,False
M02,Idle,1832,14,False
M06,Running,1179,8,False
M02,Running,1526,7,False
M09,Running,1031,13,False
M02,Running,1864,3,False
M06,Running,1941,12,True
M06,Running,1588,5,False
M05,Running,1709,4,False
M05,Maintenance,1676,4,False
M08,Idle,1552,3,True
M08,Running,1611,8,False
M02,Running,1608,7,False
M02,Running,1145,2,False
M04,Running,2018,14,False
M02,Running,1669,12,False
M10,Running,2348,13,False
M07,Running,2165,10,False
M08,Running,1101,13,False
M02,Running,1818,4,False
M03,Running,2311,1,False
M08,Running,1166,7,False
M06,Running,2073,10,False
M02,Running,1864,13,False
M08,Running,2155,8,False
M05,Running,2457,14,False
M01,Maintenance,864,7,False
M02,Running,1444,14,False
M08,Running,1162,9,False
M05,Idle,1136,8,False
M05,Running,1798,13,False
M08,Running,2203,9,False
M08,Running,1120,9,False
M05,Running,1573,10,False
M05,Running,857,10,True
M06,Running,2319,10,True
M06,Running,1676,6,False
M07,Running,2154,4,False
M05,Running,2209,2,False
M02,Running,840,9,False
M08,Running,1665,10,False
M07,Running,2225,8,False
M06,Running,1599,6,False
M08,Running,2182,4,False
M09,Idle,2166,6,False
M05,Running,1692,4,False
M02,Idle,1897,4,False
M01,Running,1974,7,False
M10,Running,988,12,False
M02,Running,1359,2,False
M09,Running,1229,6,False
M05,Running,1414,7,False
M06,Running,1623,5,False
M08,Running,1921,3,False
M09,Idle,1981,8,False
M08,Running,2106,9,False
M07,Idle,2288,11,False
M04,Running,1102,4,False
M05,Idle,1640,6,False
M02,Running,1644,5,False
M03,Running,2031,4,False
M02,Running,856,4,False
M05,Running,1946,7,False
M01,Running,1358,3,True
M05,Running,1160,11,False
M08,Running,913,14,False
M06,Running,930,15,False
M06,Running,984,7,False
M03,Running,1969,12,False
M02,Running,2497,10,False
M09,Running,984,4,False
M06,Running,1996,12,False
M04,Idle,1246,3,False
M04,Maintenance,1700,7,False
M10,Running,1892,6,False
M02,Running,1667,8,False
M05,Idle,1096,6,False
M06,Idle,843,11,False
M10,Running,2314,11,False
M01,Running,2415,11,False
M09,Running,2108,12,False
M02,Running,1284,14,False
M01,Idle,1604,15,False
M05,Running,2484,13,False
M04,Idle,1128,15,False
M06,Idle,2370,11,False
M01,Running,964,14,False
M08,Running,1645,15,False
M07,Idle,2479,2,False
M05,Running,1520,7,False
M09,Running,1728,12,True
M01,Running,1176,11,False
M03,Running,1209,11,False
M10,Running,1123,4,False
M03,Idle,2204,7,False
M06,Running,2305,3,False
M10,Idle,2437,5,False
M07,Running,1605,15,False
M10,Running,847,15,False
M10,Running,982,8,False
M03,Running,2065,7,False
M03,Running,1553,3,False
M02,Running,1876,7,False
M08,Idle,1812,2,False
M04,Running,2465,13,False
M08,Running,1683,14,False
M04,Maintenance,1379,12,False
M07,Running,2422,3,True
M05,Running,1723,15,False
M10,Running,1738,2,True
M03,Idle,2219,7,False
M07,Running,2307,10,False
M02,Running,906,6,False
M08,Idle,2041,11,False
M10,Running,2458,1,True
M09,Running,1419,7,False
M03,Maintenance,1945,1,False
M05,Running,1809,15,False
M08,Running,1449,12,False
M03,Running,1441,1,False
M08,Idle,1375,12,False
M07,Running,1339,10,False
M05,Running,1692,15,False
M08,Running,1109,9,False
M08,Running,1104,1,False
M01,Running,1134,12,False
M02,Maintenance,1813,1,False
M09,Running,1809,2,False
M03,Running,991,4,False
M03,Idle,2335,9,False
M10,Idle,1999,4,False
M01,Running,1968,3,False
M02,Running,1820,11,False
M06,Running,2195,11,False
M06,Running,1017,14,False
M01,Running,2249,11,False
M05,Running,811,6,False
M10,Maintenance,1465,12,False
M10,Running,899,13,False
M06,Running,2323,2,False
M10,Running,1616,5,False
M07,Running,1226,3,False
M07,Running,2341,11,False
M05,Running,1685,12,False
M05,Idle,2035,3,False
M02,Idle,1849,4,False
M07,Running,1953,10,False
M07,Idle,2057,3,False
M07,Running,1851,6,False
M04,Running,2261,3,False
M09,Running,1874,2,False
M07,Running,2441,8,False
M03,Running,1415,14,False
M07,Running,897,9,False
M01,Running,1845,7,False
M08,Running,1964,14,False
M05,Running,2374,9,True
M08,Running,1173,14,False
M02,Running,2242,5,False
M08,Running,1721,10,False
M06,Maintenance,2458,3,False
M02,Running,2037,5,False
M02,Running,836,1,False
M01,Running,1777,8,False
M10,Running,1420,10,False
M10,Running,2179,12,False
M05,Running,1076,1,False
M01,Running,1185,14,True
M08,Running,2130,4,False
M09,Running,1416,13,False
M08,Running,1038,3,False
M08,Maintenance,1765,1,False
M10,Running,1403,10,False
M07,Running,816,2,False
M07,Maintenance,1815,12,False
M09,Maintenance,875,8,False
M09,Running,2052,15,False
M08,Running,924,9,True
M10,Running,930,5,False
M07,Idle,1039,8,False
M06,Running,1693,1,False
M04,Running,1697,4,False
M10,Idle,1494,15,False
M08,Running,1400,12,False
M07,Idle,2178,11,False
M08,Running,1131,10,False
M02,Running,1064,3,False
M10,Running,2425,7,False
M08,Running,1228,9,True
M01,Running,1334,6,False
M03,Idle,1831,1,False
M06,Running,2064,4,False
M04,Running,1496,13,False
M01,Running,1940,5,False
M09,Running,1013,12,False
M08,Running,2347,2,False
M10,Running,1008,14,False
M09,Running,2090,2,False
M06,Running,1398,12,False
M09,Running,1003,3,False
M06,Idle,1051,14,False
M07,Running,813,4,False
M08,Running,1834,3,False
M06,Running,1649,6,False
M04,Running,2343,9,False
M04,Running,1678,7,False
M08,Maintenance,1857,13,False
M01,Running,2377,1,False
M09,Idle,973,6,False
M03,Running,1605,13,True
M03,Idle,918,11,False
M09,Maintenance,1658,7,False
M09,Idle,2277,12,False
M06,Running,1372,15,False
M03,Running,1713,11,False
M09,Running,2066,11,False
M06,Idle,2400,11,False
M04,Idle,972,1,False
M07,Running,2315,15,False
M09,Running,990,9,False
M09,Running,2101,3,True
M09,Running,1294,14,False
M07,Maintenance,1026,12,False
M06,Running,1839,6,False
M02,Running,1972,12,True
M06,Maintenance,2449,12,False
M10,Running,2085,11,False
M10,Running,1412,5,False
M10,Running,2262,7,False
M04,Running,1857,10,False
M06,Running,1100,12,False
M07,Running,927,7,False
M08,Running,959,6,False
M07,Running,1862,13,False
M05,Running,2103,7,False
M08,Running,1653,14,False
M09,Running,2256,8,False
M09,Idle,1041,12,False
M08,Running,1121,9,False
M02,Running,1636,2,False
M10,Running,1870,3,False
M05,Maintenance,1421,5,False
M03,Running,2007,7,True
M05,Idle,1241,3,False
M08,Running,1921,6,False
M01,Running,1973,5,False
M06,Running,1773,14,False
M10,Running,1083,9,False
M08,Running,1105,14,False
M02,Running,2160,10,False
M04,Idle,1494,9,True
M08,Running,2122,2,False
M01,Running,2430,13,False
M09,Running,2118,9,False
M10,Running,2351,1,False
M09,Running,1774,9,False
M02,Running,1889,3,False
M05,Running,1302,14,False
M10,Running,2452,9,False
M07,Running,1806,14,False
M06,Running,1649,1,False
M06,Running,986,2,False
M09,Running,1094,3,False
M02,Running,1634,11,False
M10,Maintenance,1171,1,False
M05,Running,1455,3,False
M06,Running,2495,15,False
M04,Running,2022,10,False
M09,Running,1588,2,False
M06,Running,1633,2,False
M07,Running,838,5,False
M10,Running,1304,13,False
M03,Running,1633,8,False
M09,Running,1091,6,False
M03,Running,1900,7,False
M09,Running,802,14,False
M10,Running,1142,1,False
M08,Running,1313,14,False
M06,Idle,1235,10,False
M05,Running,2313,9,False
M05,Running,2230,2,False
M09,Maintenance,1684,4,False
M06,Idle,1501,11,False
M08,Running,2156,6,False
M08,Maintenance,1472,1,False
M03,Running,804,10,False
M01,Running,1646,9,False
M08,Running,1902,2,False
M02,Running,2471,11,False
M02,Running,2464,7,False
M06,Running,2372,13,False
M01,Running,1558,15,False
M01,Running,840,13,False
M06,Running,2471,10,False
M04,Running,1811,6,True
M08,Idle,2247,10,False
M04,Maintenance,2107,7,False
M05,Running,1811,3,False
M10,Running,2034,10,False
M10,Running,933,3,False
M10,Idle,1871,12,False
M04,Idle,847,12,False
M10,Running,1947,15,False
M07,Running,2131,1,False
M06,Running,1633,5,False
M09,Running,1540,9,False
M04,Running,1660,9,False
M01,Running,1485,2,False
M01,Maintenance,1262,12,False
M02,Idle,1203,3,False
M02,Running,998,1,False
M01,Running,2082,15,False
M05,Running,1769,4,False
M01,Idle,1864,13,False
M02,Running,2068,8,False
M08,Running,975,1,False
M07,Running,2220,2,False
M01,Idle,1705,1,False
M07,Running,2187,1,False
M05,Idle,1622,2,False
M07,Running,2027,13,False
M01,Running,1750,13,False
M10,Running,1495,11,False
M01,Running,1472,10,False
M02,Running,2260,2,False
M04,Idle,1058,11,False
M06,Running,2284,10,False
M04,Running,890,1,False
M10,Running,2134,13,False
M10,Idle,2388,3,False
M05,Running,1396,6,False
M09,Running,2189,3,False
M09,Idle,1945,14,False
M06,Running,1210,11,False
M02,Running,2167,8,False
M08,Running,1478,14,False
M06,Running,1657,6,False
M08,Idle,886,8,False
M01,Running,2219,4,False
M04,Running,2304,13,False
M06,Idle,1569,4,False
M01,Running,951,6,True
M02,Running,1701,4,False
M06,Running,860,4,False
M03,Running,1336,12,False
M09,Running,1201,1,False
M05,Idle,842,14,False
M07,Running,1027,6,False
M05,Running,1557,13,False
M03,Idle,2436,10,False
M02,Running,1067,13,False
M09,Running,1566,6,False
M04,Idle,2362,10,False
M09,Running,1104,6,False
M05,Idle,1840,10,False
M04,Running,2406,8,False
M10,Running,1841,7,False
M09,Running,1862,8,False
M06,Running,1789,12,False
M08,Running,1621,11,False
M10,Running,1224,4,False
M08,Idle,1610,4,False
M07,Running,1566,5,False
M03,Running,1404,8,False
M04,Running,1752,9,False
M07,Running,1685,7,False
M08,Running,1583,1,False
M04,Running,955,6,False
M05,Idle,1850,9,False
M05,Idle,1001,2,False
M01,Running,1483,4,False
M05,Running,2470,13,False
M05,Running,2037,3,False
M09,Idle,817,13,False
M06,Running,1627,7,False
M01,Running,1849,13,False
M07,Running,2281,12,False
M04,Running,2409,9,False
M08,Running,975,6,False
M07,Running,2229,7,False
M08,Idle,861,6,False
M03,Running,2311,1,False
M06,Running,1658,7,False
M07,Running,2214,9,False
M10,Running,2408,1,False
M03,Maintenance,1476,10,False
M10,Idle,1975,14,False
M07,Running,1600,2,False
M04,Running,1473,10,False
M05,Running,1013,11,False
M01,Idle,2035,8,True
M04,Running,1590,5,False
M05,Running,943,8,False
M09,Running,1469,14,False
M07,Running,1026,3,False
M08,Running,1596,15,False
M03,Idle,1434,7,False
M08,Running,1977,5,False
M09,Running,1739,5,False
M03,Running,2488,7,False
M04,Running,1965,15,False
M08,Running,2309,2,False
M08,Running,2257,13,False
M10,Idle,1158,7,False
M10,Running,1737,7,False
M03,Running,995,7,False
M01,Running,1123,5,False
M09,Running,936,12,False
M04,Idle,1642,13,False
M06,Running,1015,9,False
M06,Running,1137,5,False
M01,Running,949,11,False
M08,Running,2327,7,False
M07,Running,1313,2,False
M03,Running,2333,8,False
M02,Running,2145,4,False
M08,Running,2480,5,False
M03,Idle,2043,2,False
M02,Running,1600,3,False
M01,Running,1114,8,False
M04,Running,2182,9,False
M01,Idle,2461,9,False
M02,Running,1431,8,False
M01,Running,1572,13,False
M04,Running,1288,4,False
M07,Running,829,6,False
M02,Running,997,13,False
M03,Running,890,7,False
M06,Running,2083,4,False
M09,Running,1676,2,False
M02,Running,1155,1,False
M06,Running,1235,8,False
M05,Running,1555,1,False
M04,Running,2371,10,False
M02,Running,2420,15,False
M03,Running,994,10,False
M07,Running,2379,12,False
M03,Running,2208,6,False
M08,Running,836,10,False
M08,Running,2111,12,False
M10,Running,827,4,True
M02,Running,2311,7,False
M10,Running,1081,6,False
M04,Running,1218,11,True
M10,Maintenance,1708,12,False
M03,Running,2118,13,False
M09,Running,1649,11,False
M01,Running,2300,6,False
M04,Running,2161,4,False
M04,Running,1581,9,False
M08,Running,932,14,False
M04,Running,1089,4,False
M03,Running,2428,15,False
M09,Running,2284,8,False
M04,Running,1161,10,False
M05,Running,2101,4,False
M08,Running,1536,7,False
M08,Running,1834,10,False
M03,Idle,2425,8,True
M07,Running,970,13,False
M05,Running,1112,9,False
M05,Running,1426,8,False
M09,Running,947,6,False
M08,Running,1188,1,True
M09,Running,1566,8,False
M07,Idle,2320,6,False
M05,Running,2004,2,False
M01,Maintenance,1054,7,False
M03,Running,1693,5,False
M06,Running,1800,11,False
M01,Running,1668,12,False
M08,Running,2465,6,False
M01,Running,2121,3,False
M08,Idle,1101,5,False
M10,Maintenance,1130,1,False
M02,Running,1587,7,False
M02,Running,1186,15,False
M07,Running,1418,9,False
M07,Running,2303,7,False
M02,Running,1972,13,False
M03,Running,1229,15,False
M05,Running,1144,14,False
M02,Running,2226,7,False
M05,Running,1149,3,False
M03,Running,1172,9,False
M08,Running,1235,3,False
M03,Idle,1192,5,False
M07,Running,2078,2,False
M03,Running,975,7,False
M02,Running,1999,4,False
M02,Running,1344,13,False
M10,Running,885,2,False
M01,Running,1865,13,False
M08,Running,1490,10,False
M06,Running,1502,6,False
M06,Running,1575,10,False
M06,Idle,2451,2,True
M07,Running,1084,1,False
M09,Running,2232,13,False
M06,Running,2205,11,False
M09,Running,1184,1,False
M06,Running,1537,14,True
M06,Running,1278,10,False
M10,Running,1513,7,False
M08,Maintenance,2232,15,False
M07,Running,1199,12,False
M09,Idle,2407,14,False
M01,Running,2431,2,False
M09,Maintenance,1756,3,False
M02,Running,1907,4,False
M03,Running,2151,12,False
M07,Maintenance,859,3,False
M06,Idle,2369,5,False
M05,Running,2173,2,False
M09,Running,1807,2,False
M06,Idle,1979,13,False
M02,Running,1572,15,False
M07,Running,2407,9,False
M07,Idle,1257,5,False
M02,Running,1496,12,False
M04,Running,1037,10,False
M06,Maintenance,1981,12,True
M01,Running,1188,14,False
M07,Running,1547,13,False
M03,Running,2032,10,False
M07,Running,1743,6,False
M05,Idle,1823,11,False
M10,Running,2329,11,False
M01,Running,1432,9,False
M02,Running,2246,10,False
M04,Running,2242,7,False
M06,Running,2267,4,False
M04,Running,907,15,False
M03,Idle,2289,7,False
M03,Maintenance,1922,7,False
M08,Maintenance,2351,7,False
M09,Running,1378,12,False
M09,Running,1068,6,False
M10,Idle,910,14,False
M05,Running,1135,10,False
M08,Running,1096,4,False
M04,Running,818,6,False
M10,Running,2408,14,False
M07,Running,1144,15,False
M06,Maintenance,1167,1,False
M09,Running,2015,7,False
M07,Running,1043,4,False
M05,Running,1153,11,False
M02,Running,2475,11,False
M08,Running,1045,2,False
M08,Running,1843,4,True
M10,Maintenance,1782,5,False
M02,Running,1170,7,False
M07,Running,1056,2,False
M09,Running,2464,12,True
M09,Idle,2404,13,False
M02,Running,1997,9,False
M02,Running,1224,11,False
M03,Idle,2223,3,True
M08,Idle,1051,1,False
M04,Running,979,9,False
M01,Running,1055,9,False
M09,Running,2147,1,False
M01,Idle,1863,15,False
M09,Running,1981,8,False
M09,Idle,1521,10,False
M04,Running,2157,14,True
M01,Running,1413,14,False
M03,Running,1242,10,False
M03,Running,1664,2,False
M05,Running,1134,7,False
M05,Running,2222,3,False
M02,Running,1351,11,False
M04,Running,1954,11,False
M09,Running,1659,14,False
M07,Running,2036,4,False
M02,Running,2200,9,False
M06,Running,1543,15,False
M05,Running,2434,4,False
M02,Running,1255,7,False
M02,Running,2291,15,False
M08,Running,1514,12,False
M05,Running,2044,2,False
M03,Running,2339,7,False
M09,Running,1624,8,False
M05,Running,1851,12,False
M03,Running,1962,12,False
M06,Running,1310,11,False
M08,Running,1524,13,False
M05,Running,1676,9,False
M04,Running,978,5,False
M06,Idle,2099,2,False
M04,Idle,1138,10,False
M05,Running,1809,13,False
M07,Running,2296,3,False
M09,Running,2186,15,False
M02,Running,2062,4,False
M01,Running,2238,9,False
M04,Maintenance,2154,15,False
M09,Running,886,10,False
M03,Running,2364,9,False
M03,Running,1073,9,False
M01,Running,1576,3,False
M02,Running,2190,4,False
M02,Running,1789,5,False
M01,Running,1964,7,False
M05,Idle,2116,9,False
M01,Idle,2065,14,False
M06,Running,1742,6,False
M02,Running,2279,3,False
M01,Running,1807,4,False
M09,Idle,1641,2,False
M01,Running,2144,5,False
M07,Running,1546,7,False
M09,Idle,1022,8,False
M08,Running,1524,12,False
M06,Idle,2252,4,False
M05,Running,1608,7,False
M01,Running,1207,8,False
M05,Running,1801,9,False
M03,Running,2365,13,False
M09,Running,2319,14,False
M03,Running,1020,13,True
M03,Running,827,13,False
M01,Running,1500,7,False
M01,Running,1392,5,False
M07,Running,1112,12,False
M04,Running,1035,14,False
M04,Running,1678,4,False
M02,Running,1828,10,False
M10,Running,1104,4,False
M07,Running,1193,15,False
M01,Running,986,14,False
M07,Running,2233,11,False
M04,Running,1781,1,False
M01,Running,1351,6,False
M06,Running,1305,6,False
M03,Running,906,11,False
M04,Running,1373,15,False
M07,Running,1806,6,False
M02,Running,827,11,False
M03,Running,2318,13,False
M10,Running,1561,4,False
M04,Running,978,15,False
M10,Running,2001,15,False
M04,Running,1712,15,False
M09,Running,1417,12,False
M04,Running,1114,1,False
M07,Running,1317,15,False
M09,Maintenance,1549,8,False
M02,Idle,938,8,False
M09,Running,1141,10,False
M03,Running,1959,1,False
M04,Running,1614,8,False
M09,Maintenance,1138,8,False
M07,Running,1599,7,False
M04,Running,1127,10,False
M01,Idle,2419,9,False
M09,Running,1251,5,False
M09,Running,1258,1,False
M05,Running,1103,15,False
M03,Running,2419,1,False
M04,Maintenance,1230,9,False
M06,Running,1555,6,False
M09,Running,1073,7,False
M05,Running,917,11,False
M06,Running,1372,3,False
M01,Running,2393,13,False
M07,Idle,1327,14,False
M10,Running,2472,8,False
M05,Running,2089,13,False
M07,Running,1274,12,False
M06,Running,1781,2,False
M08,Running,1160,4,False
M03,Running,843,5,False
M03,Idle,2207,10,False
M03,Running,1302,8,False
M07,Running,1878,3,False
M01,Running,1573,7,True
M01,Running,2119,15,True
M04,Running,1348,3,False
M10,Running,819,13,False
M06,Idle,974,4,False
M10,Idle,2470,3,False
M08,Running,914,9,False
M09,Running,2489,1,False
M05,Running,1650,3,True
M04,Running,1674,7,False
M05,Running,2201,7,False
M02,Running,1025,4,False
M05,Running,2060,6,False
M02,Idle,2038,3,False
M09,Running,1171,11,False
M05,Running,1387,6,False
M05,Idle,2155,6,False
M02,Running,1104,13,False
M06,Running,1714,12,False
M08,Idle,1031,10,False
M05,Running,1461,3,False
M07,Running,1812,7,False
M07,Running,2103,6,False
M04,Running,1925,8,False
M08,Running,2482,4,False
M10,Running,1879,10,False
M04,Running,1281,6,True
M01,Running,1770,3,False
M01,Idle,1539,14,False
M03,Running,1095,14,False
M07,Running,2495,4,False
M03,Running,2224,12,False
M01,Running,1669,6,False
M02,Running,951,8,False
M03,Running,1548,3,False
M02,Running,2466,7,False
M03,Running,1086,12,False
M05,Running,2279,6,False
M01,Running,1119,1,False
M01,Running,1155,9,False
M07,Idle,2192,15,False
M05,Idle,1827,5,False
M07,Idle,1356,2,False
M03,Running,1620,10,False
M07,Running,2327,9,False
M02,Idle,1759,8,False
M07,Idle,1137,1,False
M07,Running,1022,2,False
M10,Running,1487,1,False
M03,Running,933,4,False
M05,Running,1213,11,False
M04,Running,1967,10,True
M08,Running,1444,2,False
M01,Maintenance,2339,5,False
M09,Running,2339,7,False
M03,Running,999,6,False
M09,Running,2453,13,False
M10,Running,1776,10,False
M01,Running,1110,11,False
M02,Maintenance,1274,15,False
M03,Running,1129,9,False
M10,Running,2374,6,False
M03,Running,1537,10,False
M07,Running,2259,13,False
M04,Running,2050,10,False
M03,Running,1818,2,False
M03,Running,1433,9,False
M02,Running,1731,6,False
M05,Running,1373,10,False
M02,Running,2255,13,False
M08,Maintenance,2362,15,False
M03,Idle,1964,8,True
M05,Running,2069,15,False
M08,Running,2079,6,False
M07,Running,1338,15,False
M01,Running,2118,1,False
M04,Running,1948,1,False
M02,Running,1124,10,False
M02,Running,1746,11,False
M08,Running,1895,15,False
M02,Running,2298,2,False
M07,Running,1208,7,False
M06,Running,2037,8,False
M08,Running,1730,1,False
M08,Running,1237,6,False
M10,Running,927,15,False
M07,Maintenance,1237,1,False
M01,Maintenance,2200,7,False
M03,Running,941,5,False
M05,Idle,1724,14,False
M04,Running,1331,3,False
M02,Idle,1677,6,False
M05,Running,1515,7,False
M09,Running,1129,12,False
M10,Running,820,9,False
M10,Running,2280,11,False
M03,Running,2486,12,False
M06,Running,1739,15,False
M06,Running,2180,7,False
M01,Maintenance,1057,11,False
M10,Running,1247,12,False
M07,Running,2385,3,False
M04,Running,1191,11,False
M01,Running,1545,1,False
M05,Running,1055,12,False
M08,Running,1520,6,False
M07,Running,2366,6,False
M03,Running,1564,3,False
M03,Running,1581,5,False
M07,Running,2237,10,False
M02,Maintenance,2450,14,False
M01,Running,1642,2,False
M10,Idle,1004,11,False
M10,Idle,2167,5,False
M04,Running,1731,9,False
M04,Idle,1054,6,False
M08,Running,2480,11,False
M07,Running,1567,13,False
M05,Running,2148,5,False
M07,Running,808,15,False
M01,Running,1114,13,False
M09,Idle,2028,6,False
M10,Maintenance,1295,9,False
M04,Running,1605,14,False
M10,Running,2103,7,False
M03,Running,1451,9,False
M04,Running,2440,3,False
M10,Running,2360,11,False
M09,Running,1460,4,False
M01,Running,2087,13,False
M01,Running,1913,15,False
M10,Running,2320,12,False
M08,Running,2392,6,False
M04,Running,1896,14,False
M07,Running,2150,1,False
M03,Running,2107,10,False
M02,Running,2020,2,False
M05,Running,1169,2,False
M06,Idle,1225,7,False
M01,Running,1796,11,False
M07,Running,1442,11,False
M03,Running,820,15,False
M10,Running,864,2,False
M06,Running,2057,10,False
M03,Running,1321,15,False
M10,Running,847,9,False
M03,Running,1547,2,False
M01,Running,1250,2,False
M03,Running,1786,4,False
M06,Running,2135,5,False
M08,Running,1619,15,False
M03,Running,2269,5,False
M02,Running,2369,10,False
M04,Maintenance,1799,7,False
M07,Running,1356,14,False
M02,Running,1679,4,False
M06,Idle,2478,2,False
M01,Maintenance,1318,10,False
M10,Idle,2121,9,False
M01,Running,2456,6,False
M03,Running,948,4,False
M06,Running,1443,2,True
M01,Running,1237,8,False
M06,Idle,1950,2,False
M10,Running,1245,2,False
M10,Idle,2453,14,False
M10,Idle,1663,11,False
M06,Idle,1205,4,True
M08,Running,1362,7,False
M08,Running,1469,10,False
M10,Running,836,11,False
M10,Maintenance,1745,5,False
M07,Running,1892,15,False
M06,Running,942,8,False
M07,Running,1362,6,False
M07,Running,2386,6,False
M01,Running,2226,8,False
M02,Idle,2065,2,True
M01,Idle,1084,2,False
M07,Running,980,4,False
M06,Idle,1900,1,False
M01,Running,2407,1,False
M05,Running,1474,12,False
M07,Running,1148,15,False
M08,Running,1453,14,False
M10,Idle,1646,11,False
M02,Running,1292,10,False
M08,Maintenance,1459,13,False
M04,Running,2369,5,False
M06,Running,1296,11,False
M04,Running,953,8,False
M01,Running,1758,14,False
M08,Running,1227,14,False
M09,Running,1441,13,False
M08,Running,1833,2,False
M04,Idle,1589,8,False
M09,Running,1619,4,False
M07,Running,1429,14,False
M02,Running,1019,12,False
M01,Idle,1183,5,True
M09,Running,1343,2,False
M02,Running,1234,3,False
M07,Running,908,8,False
M02,Running,1583,12,False
M04,Running,1624,3,False
M09,Running,1862,7,False
M01,Running,1027,4,False
M01,Running,1288,2,False
M05,Running,2070,12,False
M07,Running,1250,12,False
M05,Running,1150,13,False
M05,Running,1389,12,True
M03,Running,2234,10,False
M05,Idle,2208,4,False
M02,Running,1480,15,False
M01,Running,1676,6,True
M05,Idle,1149,11,False
M01,Running,1770,10,True
M04,Running,892,14,True
M05,Idle,1875,9,False
M03,Running,1004,5,False
M06,Running,2304,6,False
M05,Running,1319,6,False
M06,Running,1483,15,False
M10,Running,1352,11,False
M01,Running,1640,14,False
M03,Running,863,4,False
M07,Running,2324,2,False
M07,Running,1360,15,False
M09,Idle,1720,15,False
M05,Idle,1514,15,False
M10,Running,1365,5,False
M10,Running,1503,14,False
M07,Running,1960,13,False
M05,Running,817,8,False
M03,Running,1107,9,False
M10,Running,1133,5,False
M02,Running,831,8,True
M05,Idle,1052,1,False
M01,Running,2152,14,True
M05,Running,1380,13,False
M09,Running,976,12,False
M04,Running,965,5,False
M08,Idle,1309,13,False
M07,Running,1000,15,False
M05,Running,1154,10,False
M06,Idle,1085,11,False
M05,Running,1935,4,False
M02,Running,2086,8,False
M07,Running,1694,2,False
M08,Running,1831,15,False
M06,Running,1675,8,False
M07,Running,1944,1,False
M07,Running,1087,10,False
M04,Running,1564,3,False
M10,Idle,909,13,False
M03,Running,812,8,False
M09,Running,911,2,False
M02,Running,999,14,False
M08,Running,924,2,False
M09,Running,908,12,False
M03,Running,1814,3,False
M03,Running,1436,12,False
M01,Idle,2077,12,False
M02,Running,2036,15,False
M02,Running,1012,8,True
M09,Running,913,15,False
M07,Running,1176,14,False
M09,Running,2054,11,False
M10,Running,1099,11,True
M03,Idle,2146,4,False
M09,Running,1783,5,False
M02,Maintenance,1809,6,False
M07,Running,2438,2,False
M07,Running,1380,8,False
M07,Running,1420,1,False
M10,Running,1526,3,False
M08,Running,1124,6,False
M09,Running,2246,9,False
M02,Running,1110,6,False
M10,Running,2264,14,False
M05,Running,2148,5,False
M02,Idle,2121,8,False
M08,Running,1169,10,False
M09,Running,1876,5,False
M06,Running,1989,6,False
M07,Running,860,14,False
M04,Running,1017,8,False
M08,Running,1274,13,False
M04,Running,1156,12,False
M07,Idle,926,10,False
M01,Idle,949,8,False
M10,Running,860,15,False
M02,Running,1573,3,False
M10,Running,1200,5,False
M05,Running,2319,3,False
M09,Idle,1193,2,False
M02,Running,2458,3,False
M06,Running,1963,9,False
M06,Running,2294,15,False
M09,Running,1224,10,False
M09,Running,2066,15,False
M03,Idle,1698,7,False
M02,Running,1060,13,False
M02,Running,1272,1,False
M06,Running,2482,5,False
M05,Running,1532,2,False
M03,Maintenance,953,9,False
M09,Idle,1824,5,False
M01,Running,1027,10,False
M05,Running,866,6,False
M04,Running,2366,1,False
M09,Idle,1475,15,False
M01,Running,949,13,False
M10,Running,2367,13,True
M02,Idle,2025,12,False
M02,Idle,1780,3,False
M01,Running,1817,9,False
M06,Running,1421,13,False
M04,Running,913,1,False
M04,Running,1576,11,False
M01,Running,906,7,False
M03,Running,1674,9,False
M08,Running,2060,15,False
M04,Running,918,4,False
M10,Running,1645,12,False
M09,Running,2442,1,False
M04,Idle,956,1,False
M03,Running,1443,6,False
M04,Maintenance,1065,10,False
M02,Running,956,5,False
M04,Running,2305,14,False
M04,Running,1419,6,False
M05,Idle,1300,9,False
M06,Running,1831,2,False
M07,Running,2073,8,False
M04,Idle,1866,4,False
M09,Running,1562,12,False
M03,Running,1281,12,False
M08,Maintenance,843,8,False
M05,Running,1586,5,False
M02,Running,2048,7,False
M07,Running,890,4,False
M03,Running,1890,1,False
M01,Running,1512,15,True
M10,Running,1488,15,False
M05,Idle,2010,4,False
M06,Running,2072,7,False
M01,Idle,1933,7,False
M05,Idle,1895,8,False
M10,Running,1332,3,False
M08,Running,1287,3,False
M05,Running,1361,2,False
M09,Running,1969,7,True
M05,Running,2150,5,False
M10,Running,1428,10,False
M05,Idle,1708,8,True
M01,Running,1534,8,False
M09,Running,919,10,False
M05,Idle,1929,6,False
M08,Running,2368,13,False
M08,Running,2090,3,False
M10,Running,1276,2,False
M03,Running,1701,10,False
M09,Running,924,12,False
M05,Running,1523,9,False
M10,Running,1023,2,False
M02,Running,1285,4,False
M06,Idle,2194,7,False
M07,Idle,1093,1,False
M06,Running,1635,15,False
M08,Idle,1402,10,True
M06,Running,1107,15,False
M02,Running,2454,6,False
M09,Running,2259,6,False
M07,Idle,866,11,False
M07,Running,2129,2,False
M04,Running,1976,11,False
M07,Running,1048,14,False
M01,Running,2150,9,False
M06,Running,1978,5,False
M06,Running,2372,6,False
M06,Running,1036,12,False
M07,Running,1520,9,False
M06,Running,2039,4,False
M07,Running,2495,14,False
M09,Running,1634,11,False
M03,Running,2429,5,False
M02,Running,1662,9,False
M10,Running,2382,4,False
M08,Running,1047,7,False
M09,Running,1762,12,False
M01,Idle,849,12,False
M02,Running,1884,15,False
M07,Running,1623,12,False
M05,Running,2489,15,False
M10,Running,2279,1,False
M06,Idle,1637,11,False
M07,Running,1777,12,False
M03,Running,2007,15,False
M09,Running,815,10,False
M08,Running,1698,3,False
M10,Running,2383,2,False
M08,Running,1955,9,False
M10,Running,1673,5,False
M06,Running,1093,1,False
M04,Running,1369,10,False
M06,Running,1383,3,False
M05,Running,1258,15,False
M05,Maintenance,2343,2,False
M05,Running,1223,9,False
M03,Running,881,15,False
M04,Running,2484,1,False
M05,Idle,1969,7,False
M09,Running,1729,5,False
M02,Running,1685,8,False
M03,Maintenance,2298,11,False
M06,Idle,2324,13,False
M02,Running,1838,6,False
M09,Running,951,12,False
M01,Running,2244,13,False
M04,Idle,2153,14,False
M01,Idle,2084,1,False
M10,Running,1250,11,False
M08,Running,2466,3,False
M05,Running,2100,15,False
M09,Idle,2334,4,True
M02,Running,2051,4,False
M01,Running,1338,10,False
M10,Running,1514,8,False
M03,Idle,1274,15,False
M08,Running,2090,7,False
M09,Running,997,4,False
M05,Running,1715,6,False
M07,Running,1751,6,False
M06,Running,2243,3,False
M08,Idle,1801,10,False
M04,Running,1348,9,False
M07,Running,2380,6,False
M06,Running,2456,8,False
M05,Idle,1349,8,False
M06,Running,893,5,False
M04,Running,1141,9,False
M02,Idle,2056,10,False
M10,Running,2279,1,False
M02,Running,1482,15,False
M09,Running,900,9,False
M09,Running,1121,14,False
M04,Running,1130,15,False
M07,Running,2301,4,False
M01,Idle,2346,9,False
M07,Running,886,3,False
M01,Running,2381,12,False
M05,Running,2465,13,False
M07,Running,2316,15,False
M02,Running,1833,12,False
M07,Running,2320,14,False
M03,Running,2004,13,False
M10,Idle,2407,6,False
M01,Running,1739,4,False
M10,Running,1396,7,False
M07,Running,1789,5,False
M09,Running,1583,1,False
M07,Maintenance,2362,9,False
M08,Running,850,7,False
M08,Running,1953,2,False
M06,Running,2090,2,False
M03,Running,1803,10,False
M03,Running,1769,9,False
M10,Running,920,13,False
M07,Running,1491,14,False
M06,Running,2026,7,False
M05,Running,2346,9,False
M09,Running,2135,4,False
M08,Running,2314,12,False
M02,Running,958,7,False
M01,Running,2332,2,False
M08,Idle,1032,1,False
M08,Running,2444,9,False
M09,Running,818,5,False
M05,Running,2185,5,False
M10,Idle,1954,11,False
M05,Running,1218,13,False
M06,Running,1314,8,False
M06,Idle,2274,14,False
M03,Running,2498,8,True
M07,Running,1763,2,False
M01,Running,1184,4,False
M09,Running,993,1,False
M10,Running,1517,11,False
M04,Running,828,15,False
M05,Idle,1672,10,False
M06,Running,1625,15,False
M09,Running,1214,2,False
M02,Running,1373,3,False
M02,Running,1869,10,False
M07,Running,2381,14,False
M05,Maintenance,2309,14,False
M08,Running,805,13,False
M04,Running,2445,10,False
M03,Running,800,6,False
M01,Running,2453,8,False
M08,Running,1824,13,False
M09,Running,2384,7,False
M06,Running,1869,6,False
M10,Idle,1140,11,False
M03,Idle,1947,8,False
M05,Running,1942,15,False
M06,Running,1548,14,False
M06,Running,1237,10,False
M04,Running,1166,15,False
M01,Running,1539,9,False
M10,Running,992,15,False
M05,Running,826,10,False
M05,Running,1615,1,False
M05,Running,917,10,False
M08,Maintenance,2094,8,False
M08,Running,2126,13,False
M02,Running,859,10,False
M03,Running,1162,14,False
M02,Running,1044,1,False
M01,Running,1914,5,False
M04,Running,2310,1,False
M06,Idle,1146,15,False
M06,Running,2160,7,False
M01,Running,2489,13,False
M05,Running,1708,1,False
M04,Running,1638,3,False
M01,Running,1948,6,False
M08,Running,2226,2,False
M08,Running,985,3,False
M03,Running,2083,1,False
M01,Running,1567,8,False
M04,Running,2194,11,False
M04,Running,2311,3,False
M07,Running,1164,5,False
M06,Running,1185,5,False
M03,Maintenance,1331,12,False
M02,Running,1985,6,False
M09,Running,2092,11,False
M01,Idle,1998,7,False
M10,Running,2238,7,False
M05,Running,2232,9,False
M05,Running,2383,4,False
M08,Running,1036,9,False
M03,Running,1756,10,False
M10,Running,2005,15,True
M02,Running,816,3,False
M06,Running,1005,3,False
M05,Running,1919,3,False
M08,Idle,1734,10,False
M07,Running,1769,14,False
M06,Running,1788,11,False
M01,Maintenance,1279,13,False
M09,Running,1672,13,False
M10,Running,858,3,False
M05,Idle,2228,9,False
M10,Running,1066,11,False
M01,Maintenance,1433,13,False
M06,Running,1138,8,True
M03,Running,1152,5,False
M03,Running,1216,7,False
M04,Running,1937,14,False
M01,Running,1505,2,False
M07,Running,1767,11,False
M08,Running,2362,15,False
M03,Running,1073,7,False
M05,Idle,2295,14,False
M07,Running,1510,8,False
M10,Running,2046,3,False
M06,Running,1826,14,True
M10,Running,958,11,False
M08,Running,1232,5,False
M06,Running,1168,7,False
M05,Running,2481,8,True
M07,Running,1615,11,False
M02,Running,969,6,False
M02,Running,1628,13,False
M03,Running,1976,9,False
M08,Running,2139,11,False
M01,Running,1329,12,False
M10,Idle,1722,9,False
M08,Running,1895,6,False
M03,Maintenance,1888,13,False
M02,Running,1490,15,False
M05,Running,2464,10,False
M08,Running,1751,5,True
M08,Running,902,15,False
M06,Running,1491,11,False
M01,Running,1166,5,False
M01,Running,1409,11,True
M02,Running,874,9,False
M04,Running,1895,2,False
M03,Running,1682,15,False
M08,Running,1299,15,False
M09,Running,883,2,False
M01,Running,2282,11,False
M02,Running,2285,2,False
M05,Running,845,3,False
M05,Running,2321,15,False
M07,Maintenance,2425,4,False
M05,Running,1904,14,False
M01,Running,1768,4,False
M07,Running,2210,13,False
M09,Running,2038,7,False
M05,Running,1633,4,True
M07,Running,1362,5,False
M06,Running,1260,1,False
M04,Running,1389,12,False
M08,Running,2100,10,False
M07,Running,1942,1,False
M06,Running,1710,3,False
M08,Running,2228,3,False
M05,Running,2153,14,False
M02,Running,1949,6,False
M09,Running,1397,13,False
M08,Running,2079,10,False
M06,Running,1650,13,True
M05,Running,1805,4,False
M09,Running,2043,14,False
M07,Running,1026,10,False
M03,Running,2304,7,False
M06,Running,1656,15,False
M06,Running,2090,2,False
M06,Running,1890,7,False
M07,Running,1750,5,False
M08,Running,1163,7,False
M09,Idle,2362,8,False
M02,Running,2137,7,False
M07,Running,859,10,False
M10,Running,964,10,False
M07,Idle,1465,10,False
M10,Running,2201,2,False
M01,Running,2417,11,False
M09,Idle,1130,8,False
M04,Running,2259,15,False
M03,Running,863,4,False
M08,Running,2035,8,False
M03,Maintenance,1824,11,False
M10,Idle,1126,4,False
M02,Running,866,11,False
M09,Maintenance,1589,2,False
M05,Idle,1900,2,False
M10,Running,1893,12,True
M08,Idle,922,5,False
M01,Running,2267,15,False
M08,Running,1054,2,False
M05,Running,1987,13,False
M03,Running,2144,6,False
M04,Running,1230,5,False
M02,Running,2252,8,False
M05,Running,2211,8,False
M08,Running,1963,5,False
M03,Running,1390,1,False
M06,Running,2261,5,False
M03,Running,1424,8,False
M05,Running,2449,12,False
M10,Running,1586,5,False
M01,Idle,1994,5,False
M01,Running,2276,9,False
M09,Running,2066,15,False
M06,Running,2002,14,False
M09,Running,1793,11,False
M09,Running,1791,15,False
M02,Running,1433,4,False
M05,Running,2292,13,False
M04,Running,1740,10,False
M01,Idle,2477,13,False
M04,Running,1544,11,True
M02,Maintenance,1839,2,False
M09,Idle,1901,14,False
M01,Running,1870,4,False
M03,Running,2132,14,False
M08,Running,2047,5,False
M02,Running,2301,14,False
M03,Running,924,4,False
M10,Running,1777,8,False
M01,Running,2098,2,False
M02,Running,1774,4,False
M10,Running,1797,5,False
M10,Running,1028,12,False
M04,Running,2100,10,False
M01,Running,1633,10,False
M03,Running,1789,9,False
M05,Running,1889,4,False
M09,Running,2081,8,False
M03,Running,1453,15,False
M08,Running,1166,2,False
M05,Running,1707,6,False
M09,Idle,1196,13,False
M04,Running,1827,5,False
M09,Running,2202,5,False
M04,Running,1116,6,False
M07,Running,1123,10,False
M06,Maintenance,1770,11,False
M07,Running,1351,4,False
M08,Idle,1421,6,False
M06,Running,2498,12,False
M05,Running,1605,13,False
M07,Running,1637,6,False
M03,Maintenance,2370,5,True
M04,Running,2267,5,False
M06,Running,1675,13,False
M09,Running,1208,13,False
M09,Running,1361,2,False
M03,Running,1782,12,False
M01,Running,1598,12,False
M08,Running,2042,10,False
M02,Running,1501,5,False
M08,Idle,1027,8,False
M02,Running,2387,12,False
M03,Idle,2007,5,False
M09,Running,1302,6,False
M05,Running,2473,5,False
M03,Running,939,14,False
M06,Maintenance,1539,15,False
M04,Running,1759,4,False
M06,Running,2241,5,False
M01,Running,2115,7,False
M08,Running,1882,1,False
M09,Running,1958,7,False
M09,Idle,1469,13,False
M05,Running,2099,2,False
M10,Running,1943,13,False
M03,Running,979,10,False
M10,Running,1190,13,False
M07,Idle,1753,8,False
M03,Running,949,3,False
M06,Running,2399,12,False
M07,Idle,1622,10,False
M10,Idle,838,1,False
M07,Running,1256,10,False
M06,Running,2138,11,False
M10,Idle,2264,14,False
M04,Running,1222,5,False
M01,Running,880,13,False
M06,Maintenance,1470,14,False
M04,Running,1213,5,False
M05,Running,1244,13,False
M03,Idle,1700,2,False
M07,Running,2323,14,False
M07,Running,1698,7,False
M07,Running,1055,2,False
M09,Idle,2283,9,False
M04,Running,1801,12,False
M06,Running,1230,2,False
M06,Running,1841,2,False
M01,Running,2445,7,False
M02,Running,1434,14,False
M05,Running,2236,2,False
M07,Idle,832,5,False
M06,Running,1309,3,False
M03,Running,1087,12,False
M01,Running,2443,4,False
M05,Running,1649,14,False
M03,Running,1862,3,False
M03,Running,1024,13,False
M08,Running,1626,11,False
M05,Running,858,13,True
M01,Idle,870,12,False
M07,Running,1572,13,False
M09,Running,1005,1,False
M04,Running,935,2,False
M08,Maintenance,1899,8,False
M10,Idle,801,5,False
M05,Running,2144,9,False
M10,Running,997,8,False
M10,Running,1249,9,False
M03,Running,968,12,False
