order_id,product_id,start_time,end_time,planned_qty,actual_qty
ORD-0001,PROD-001,2025-09-03 22:01:56,2025-09-03 23:01:56,216,202
ORD-0002,PROD-002,2026-05-11 19:49:50,2026-05-12 00:49:50,349,337
ORD-0003,PROD-003,2025-10-03 08:33:02,2025-10-03 16:33:02,464,450
ORD-0004,PROD-004,2026-02-28 04:00:23,2026-02-28 10:00:23,204,190
ORD-0005,PROD-005,2025-10-30 06:05:36,2025-10-30 09:05:36,312,311
ORD-0006,PROD-006,2026-03-16 13:22:20,2026-03-16 17:22:20,174,154
ORD-0007,PROD-007,2025-12-14 23:12:35,2025-12-15 01:12:35,251,240
ORD-0008,PROD-008,2026-04-24 21:55:47,2026-04-24 22:55:47,279,265
ORD-0009,PROD-009,2026-02-12 12:16:09,2026-02-12 19:16:09,434,421
ORD-0010,PROD-010,2026-03-02 19:19:50,2026-03-02 21:19:50,406,397
ORD-0011,PROD-011,2026-01-04 01:47:24,2026-01-04 07:47:24,362,345
ORD-0012,PROD-012,2025-12-10 13:54:53,2025-12-10 21:54:53,120,105
ORD-0013,PROD-013,2025-10-16 23:42:20,2025-10-17 01:42:20,280,270
ORD-0014,PROD-014,2026-02-05 05:54:11,2026-02-05 09:54:11,258,242
ORD-0015,PROD-015,2026-07-30 23:08:31,2026-07-31 02:08:31,105,102
ORD-0016,PROD-016,2026-03-05 18:37:58,2026-03-05 21:37:58,481,464
ORD-0017,PROD-017,2025-12-21 16:14:51,2025-12-21 21:14:51,130,130
ORD-0018,PROD-018,2026-03-10 21:09:50,2026-03-11 01:09:50,422,406
ORD-0019,PROD-019,2025-12-26 07:43:21,2025-12-26 13:43:21,112,98
ORD-0020,PROD-020,2026-04-30 05:04:49,2026-04-30 12:04:49,271,252
ORD-0021,PROD-021,2026-06-06 12:59:41,2026-06-06 20:59:41,277,258
ORD-0022,PROD-022,2026-07-13 16:39:13,2026-07-13 22:39:13,245,234
ORD-0023,PROD-023,2026-05-17 17:01:57,2026-05-17 18:01:57,364,346
ORD-0024,PROD-024,2026-05-02 02:32:24,2026-05-02 04:32:24,324,309
ORD-0025,PROD-025,2026-04-17 13:36:14,2026-04-17 20:36:14,490,474
ORD-0026,PROD-026,2026-06-18 20:06:47,2026-06-18 21:06:47,441,424
ORD-0027,PROD-027,2026-05-06 23:40:37,2026-05-07 01:40:37,178,166
ORD-0028,PROD-028,2025-11-21 09:33:45,2025-11-21 15:33:45,438,424
ORD-0029,PROD-029,2026-04-04 15:51:16,2026-04-04 20:51:16,173,169
ORD-0030,PROD-030,2026-02-14 18:24:51,2026-02-14 22:24:51,147,128
ORD-0031,PROD-031,2025-10-24 09:33:37,2025-10-24 16:33:37,241,229
ORD-0032,PROD-032,2025-11-14 11:15:12,2025-11-14 15:15:12,121,120
ORD-0033,PROD-033,2025-11-27 02:03:24,2025-11-27 07:03:24,106,102
ORD-0034,PROD-034,2026-03-15 11:16:23,2026-03-15 15:16:23,314,296
ORD-0035,PROD-035,2025-12-04 15:44:32,2025-12-04 19:44:32,313,309
ORD-0036,PROD-036,2025-11-06 01:26:28,2025-11-06 08:26:28,380,362
ORD-0037,PROD-037,2025-12-04 07:29:50,2025-12-04 12:29:50,207,207
ORD-0038,PROD-038,2026-06-06 05:23:37,2026-06-06 07:23:37,183,182
ORD-0039,PROD-039,2025-11-30 23:14:32,2025-12-01 04:14:32,472,457
ORD-0040,PROD-040,2026-05-11 11:40:53,2026-05-11 13:40:53,212,198
ORD-0041,PROD-041,2025-10-30 05:29:51,2025-10-30 08:29:51,444,429
ORD-0042,PROD-042,2026-05-05 19:01:51,2026-05-05 21:01:51,140,126
ORD-0043,PROD-043,2026-05-11 12:29:43,2026-05-11 18:29:43,415,404
ORD-0044,PROD-044,2026-02-16 15:22:03,2026-02-16 23:22:03,232,214
ORD-0045,PROD-045,2025-12-11 20:33:45,2025-12-12 02:33:45,423,413
ORD-0046,PROD-046,2026-02-13 01:37:14,2026-02-13 04:37:14,441,423
ORD-0047,PROD-047,2025-12-24 04:36:35,2025-12-24 09:36:35,404,397
ORD-0048,PROD-048,2026-03-16 09:39:05,2026-03-16 13:39:05,111,98
ORD-0049,PROD-049,2026-08-08 08:14:48,2026-08-08 16:14:48,239,229
ORD-0050,PROD-050,2026-08-08 15:33:49,2026-08-08 20:33:49,355,343
ORD-0051,PROD-051,2026-06-15 15:14:37,2026-06-15 16:14:37,402,393
ORD-0052,PROD-052,2026-05-17 23:55:41,2026-05-18 04:55:41,154,150
ORD-0053,PROD-053,2025-11-24 22:20:15,2025-11-25 02:20:15,212,205
ORD-0054,PROD-054,2025-11-30 11:55:12,2025-11-30 19:55:12,178,175
ORD-0055,PROD-055,2025-09-27 01:28:39,2025-09-27 07:28:39,311,299
ORD-0056,PROD-056,2026-03-21 10:43:11,2026-03-21 17:43:11,390,380
ORD-0057,PROD-057,2026-04-30 12:06:18,2026-04-30 17:06:18,141,134
ORD-0058,PROD-058,2026-03-09 16:26:04,2026-03-09 19:26:04,419,404
ORD-0059,PROD-059,2026-01-05 04:32:05,2026-01-05 06:32:05,496,486
ORD-0060,PROD-060,2026-07-24 14:37:16,2026-07-24 15:37:16,323,311
ORD-0061,PROD-061,2026-01-10 22:50:15,2026-01-11 05:50:15,178,165
ORD-0062,PROD-062,2026-06-24 13:21:33,2026-06-24 21:21:33,115,105
ORD-0063,PROD-063,2025-12-22 18:25:00,2025-12-23 00:25:00,160,151
ORD-0064,PROD-064,2026-06-06 23:00:37,2026-06-07 03:00:37,349,334
ORD-0065,PROD-065,2026-06-19 05:05:30,2026-06-19 12:05:30,401,395
ORD-0066,PROD-066,2025-10-06 14:47:06,2025-10-06 21:47:06,320,313
ORD-0067,PROD-067,2025-12-01 12:44:36,2025-12-01 17:44:36,224,205
ORD-0068,PROD-068,2025-08-27 01:37:00,2025-08-27 04:37:00,272,267
ORD-0069,PROD-069,2025-11-30 10:26:15,2025-11-30 16:26:15,403,391
ORD-0070,PROD-070,2026-05-15 01:48:28,2026-05-15 03:48:28,151,149
ORD-0071,PROD-071,2025-09-10 10:08:10,2025-09-10 12:08:10,477,477
ORD-0072,PROD-072,2025-12-23 05:52:13,2025-12-23 08:52:13,376,363
ORD-0073,PROD-073,2026-08-04 13:55:21,2026-08-04 21:55:21,147,127
ORD-0074,PROD-074,2026-01-29 12:46:22,2026-01-29 15:46:22,126,126
ORD-0075,PROD-075,2026-04-22 11:37:52,2026-04-22 19:37:52,190,189
ORD-0076,PROD-076,2025-11-18 07:45:34,2025-11-18 10:45:34,249,238
ORD-0077,PROD-077,2026-05-27 23:13:41,2026-05-28 05:13:41,441,423
ORD-0078,PROD-078,2026-02-12 18:52:15,2026-02-12 20:52:15,120,115
ORD-0079,PROD-079,2025-11-01 20:01:48,2025-11-02 01:01:48,269,266
ORD-0080,PROD-080,2025-10-28 04:56:20,2025-10-28 05:56:20,398,396
ORD-0081,PROD-081,2026-06-28 06:35:52,2026-06-28 07:35:52,414,414
ORD-0082,PROD-082,2026-03-07 21:26:19,2026-03-08 01:26:19,187,175
ORD-0083,PROD-083,2025-11-24 00:40:07,2025-11-24 08:40:07,155,147
ORD-0084,PROD-084,2026-08-08 01:56:31,2026-08-08 06:56:31,415,399
ORD-0085,PROD-085,2026-03-16 23:54:58,2026-03-17 01:54:58,413,404
ORD-0086,PROD-086,2026-05-08 02:18:55,2026-05-08 05:18:55,133,119
ORD-0087,PROD-087,2025-11-24 05:13:27,2025-11-24 10:13:27,180,160
ORD-0088,PROD-088,2025-10-03 01:00:19,2025-10-03 03:00:19,354,335
ORD-0089,PROD-089,2025-09-22 03:35:38,2025-09-22 07:35:38,452,443
ORD-0090,PROD-090,2026-04-06 20:03:16,2026-04-06 21:03:16,301,291
ORD-0091,PROD-091,2026-05-25 11:07:58,2026-05-25 14:07:58,455,440
ORD-0092,PROD-092,2026-03-26 15:11:07,2026-03-26 23:11:07,283,267
ORD-0093,PROD-093,2025-11-11 15:47:56,2025-11-11 20:47:56,250,230
ORD-0094,PROD-094,2025-11-12 21:24:04,2025-11-13 04:24:04,314,307
ORD-0095,PROD-095,2025-08-30 10:41:48,2025-08-30 15:41:48,441,431
ORD-0096,PROD-096,2026-04-27 20:50:01,2026-04-28 00:50:01,223,209
ORD-0097,PROD-097,2026-07-28 06:27:24,2026-07-28 09:27:24,460,456
ORD-0098,PROD-098,2026-03-04 23:11:38,2026-03-05 00:11:38,140,139
ORD-0099,PROD-099,2025-11-06 08:56:26,2025-11-06 10:56:26,175,172
ORD-0100,PROD-100,2026-04-15 11:36:10,2026-04-15 19:36:10,164,160
ORD-0101,PROD-089,2025-11-09 03:43:21,2025-11-09 05:43:21,244,234
ORD-0102,PROD-092,2025-08-31 02:46:52,2025-08-31 08:46:52,396,389
ORD-0103,PROD-016,2025-09-18 15:26:28,2025-09-18 23:26:28,322,309
ORD-0104,PROD-061,2026-01-18 05:46:35,2026-01-18 10:46:35,463,457
ORD-0105,PROD-051,2025-12-17 00:05:17,2025-12-17 01:05:17,286,281
ORD-0106,PROD-007,2026-05-16 07:47:25,2026-05-16 11:47:25,276,274
ORD-0107,PROD-024,2026-02-10 04:39:07,2026-02-10 05:39:07,229,217
ORD-0108,PROD-091,2025-09-18 18:40:30,2025-09-19 02:40:30,337,325
ORD-0109,PROD-042,2026-05-02 06:41:53,2026-05-02 12:41:53,330,326
ORD-0110,PROD-097,2026-06-06 01:35:20,2026-06-06 08:35:20,437,427
ORD-0111,PROD-033,2025-10-03 02:48:51,2025-10-03 05:48:51,103,98
ORD-0112,PROD-043,2025-08-12 17:49:23,2025-08-13 00:49:23,147,132
ORD-0113,PROD-031,2026-03-12 11:11:10,2026-03-12 14:11:10,121,117
ORD-0114,PROD-093,2026-08-06 13:21:55,2026-08-06 21:21:55,242,236
ORD-0115,PROD-099,2025-10-11 01:38:46,2025-10-11 04:38:46,313,312
ORD-0116,PROD-092,2026-01-15 18:10:51,2026-01-15 19:10:51,423,412
ORD-0117,PROD-044,2026-04-21 06:55:49,2026-04-21 12:55:49,414,403
ORD-0118,PROD-099,2026-08-08 20:39:33,2026-08-08 21:39:33,153,138
ORD-0119,PROD-043,2026-07-18 17:45:28,2026-07-18 21:45:28,208,204
ORD-0120,PROD-068,2026-07-17 20:48:23,2026-07-18 01:48:23,371,359
ORD-0121,PROD-059,2026-02-11 11:22:14,2026-02-11 15:22:14,322,321
ORD-0122,PROD-006,2026-02-12 03:40:16,2026-02-12 08:40:16,375,361
ORD-0123,PROD-053,2026-04-20 08:59:19,2026-04-20 13:59:19,270,270
ORD-0124,PROD-060,2025-10-27 04:35:34,2025-10-27 06:35:34,342,329
ORD-0125,PROD-029,2026-05-31 07:07:49,2026-05-31 11:07:49,261,243
ORD-0126,PROD-084,2025-11-30 06:50:47,2025-11-30 14:50:47,235,226
ORD-0127,PROD-033,2025-12-13 11:01:42,2025-12-13 12:01:42,217,199
ORD-0128,PROD-068,2025-11-29 13:47:32,2025-11-29 20:47:32,235,235
ORD-0129,PROD-058,2026-04-18 13:44:00,2026-04-18 17:44:00,120,113
ORD-0130,PROD-056,2025-09-02 16:57:49,2025-09-02 20:57:49,303,303
ORD-0131,PROD-069,2026-07-29 08:06:51,2026-07-29 09:06:51,138,130
ORD-0132,PROD-094,2026-06-05 06:33:53,2026-06-05 13:33:53,108,92
ORD-0133,PROD-085,2025-09-14 11:21:46,2025-09-14 16:21:46,493,474
ORD-0134,PROD-028,2026-04-21 01:23:36,2026-04-21 02:23:36,354,336
ORD-0135,PROD-031,2026-03-21 16:50:21,2026-03-21 21:50:21,499,496
ORD-0136,PROD-023,2025-11-08 21:58:39,2025-11-09 04:58:39,387,377
ORD-0137,PROD-011,2026-03-06 13:30:33,2026-03-06 17:30:33,107,94
ORD-0138,PROD-062,2026-05-24 14:35:09,2026-05-24 20:35:09,431,424
ORD-0139,PROD-096,2026-05-18 13:28:25,2026-05-18 14:28:25,150,146
ORD-0140,PROD-086,2026-07-06 23:12:27,2026-07-07 04:12:27,186,177
ORD-0141,PROD-055,2026-08-09 11:55:12,2026-08-09 16:55:12,312,307
ORD-0142,PROD-047,2025-08-25 05:10:24,2025-08-25 09:10:24,473,468
ORD-0143,PROD-040,2026-07-31 09:26:47,2026-07-31 11:26:47,491,482
ORD-0144,PROD-016,2026-08-03 14:15:35,2026-08-03 16:15:35,139,135
ORD-0145,PROD-100,2025-10-17 17:15:02,2025-10-17 18:15:02,222,220
ORD-0146,PROD-098,2026-01-20 00:29:56,2026-01-20 05:29:56,191,188
ORD-0147,PROD-065,2026-07-19 08:38:51,2026-07-19 16:38:51,272,269
ORD-0148,PROD-062,2026-07-02 00:34:19,2026-07-02 08:34:19,361,358
ORD-0149,PROD-012,2025-10-17 23:59:53,2025-10-18 04:59:53,142,131
ORD-0150,PROD-025,2026-08-08 10:19:05,2026-08-08 16:19:05,190,178
ORD-0151,PROD-080,2026-08-02 21:08:46,2026-08-03 02:08:46,471,471
ORD-0152,PROD-019,2025-08-24 20:14:25,2025-08-24 22:14:25,132,127
ORD-0153,PROD-089,2026-07-01 11:30:26,2026-07-01 17:30:26,182,166
ORD-0154,PROD-045,2026-01-11 21:47:10,2026-01-12 01:47:10,345,325
ORD-0155,PROD-097,2026-06-12 17:51:14,2026-06-12 18:51:14,274,262
ORD-0156,PROD-100,2026-02-19 02:50:28,2026-02-19 09:50:28,153,137
ORD-0157,PROD-025,2025-10-22 02:04:43,2025-10-22 09:04:43,208,203
ORD-0158,PROD-096,2026-08-09 11:21:17,2026-08-09 19:21:17,496,478
ORD-0159,PROD-085,2026-05-28 14:44:39,2026-05-28 16:44:39,481,474
ORD-0160,PROD-050,2026-07-15 11:52:01,2026-07-15 19:52:01,385,371
ORD-0161,PROD-026,2026-08-05 08:50:39,2026-08-05 14:50:39,428,417
ORD-0162,PROD-025,2025-12-01 03:33:22,2025-12-01 04:33:22,118,104
ORD-0163,PROD-003,2026-07-17 05:22:02,2026-07-17 06:22:02,392,381
ORD-0164,PROD-054,2025-08-25 06:44:19,2025-08-25 12:44:19,432,422
ORD-0165,PROD-011,2025-08-14 07:54:17,2025-08-14 08:54:17,261,247
ORD-0166,PROD-067,2025-12-04 14:44:44,2025-12-04 17:44:44,149,130
ORD-0167,PROD-061,2026-03-19 07:19:00,2026-03-19 09:19:00,403,399
ORD-0168,PROD-093,2026-04-01 19:52:23,2026-04-02 03:52:23,383,366
ORD-0169,PROD-005,2025-09-21 09:38:36,2025-09-21 15:38:36,161,142
ORD-0170,PROD-069,2026-08-06 07:21:17,2026-08-06 13:21:17,225,216
ORD-0171,PROD-014,2025-12-18 20:20:50,2025-12-19 03:20:50,250,249
ORD-0172,PROD-090,2025-11-29 05:50:07,2025-11-29 06:50:07,253,249
ORD-0173,PROD-036,2026-02-03 04:22:08,2026-02-03 09:22:08,294,290
ORD-0174,PROD-068,2026-04-16 18:59:36,2026-04-17 00:59:36,310,308
ORD-0175,PROD-040,2026-03-09 17:27:22,2026-03-09 23:27:22,138,123
ORD-0176,PROD-004,2026-03-02 08:31:53,2026-03-02 13:31:53,308,308
ORD-0177,PROD-092,2026-02-18 13:07:33,2026-02-18 18:07:33,267,262
ORD-0178,PROD-078,2026-07-22 02:01:55,2026-07-22 04:01:55,170,154
ORD-0179,PROD-013,2026-08-10 05:32:47,2026-08-10 07:32:47,285,282
ORD-0180,PROD-041,2025-10-01 20:21:45,2025-10-02 01:21:45,493,483
ORD-0181,PROD-028,2026-07-07 05:58:49,2026-07-07 07:58:49,193,175
ORD-0182,PROD-036,2026-02-22 13:07:52,2026-02-22 15:07:52,218,217
ORD-0183,PROD-097,2026-02-08 11:47:54,2026-02-08 16:47:54,489,472
ORD-0184,PROD-074,2025-11-24 16:33:16,2025-11-24 18:33:16,464,447
ORD-0185,PROD-013,2025-10-24 14:39:39,2025-10-24 19:39:39,382,373
ORD-0186,PROD-040,2026-06-20 20:13:13,2026-06-21 03:13:13,485,484
ORD-0187,PROD-035,2025-09-23 11:28:21,2025-09-23 18:28:21,147,137
ORD-0188,PROD-013,2025-12-17 03:43:40,2025-12-17 04:43:40,170,168
ORD-0189,PROD-006,2025-10-12 20:05:05,2025-10-12 21:05:05,154,139
ORD-0190,PROD-070,2026-05-21 16:03:13,2026-05-22 00:03:13,284,272
ORD-0191,PROD-076,2026-02-04 22:55:17,2026-02-05 00:55:17,235,230
ORD-0192,PROD-022,2026-04-19 11:59:09,2026-04-19 15:59:09,141,131
ORD-0193,PROD-090,2025-11-18 15:24:39,2025-11-18 18:24:39,432,414
ORD-0194,PROD-061,2026-05-16 19:20:56,2026-05-16 21:20:56,422,422
ORD-0195,PROD-022,2025-10-22 01:01:47,2025-10-22 05:01:47,473,469
ORD-0196,PROD-088,2025-08-16 04:48:10,2025-08-16 08:48:10,308,308
ORD-0197,PROD-064,2026-05-23 19:18:18,2026-05-24 00:18:18,395,389
ORD-0198,PROD-028,2025-12-19 15:38:30,2025-12-19 19:38:30,130,117
ORD-0199,PROD-038,2026-06-13 20:01:02,2026-06-14 03:01:02,198,182
ORD-0200,PROD-076,2025-12-03 07:21:14,2025-12-03 13:21:14,169,157
ORD-0201,PROD-035,2026-03-19 05:37:59,2026-03-19 12:37:59,396,387
ORD-0202,PROD-091,2026-04-29 15:24:10,2026-04-29 19:24:10,415,412
ORD-0203,PROD-078,2026-05-31 19:54:55,2026-06-01 02:54:55,230,210
ORD-0204,PROD-052,2025-10-24 17:55:20,2025-10-25 01:55:20,100,97
ORD-0205,PROD-089,2025-10-17 21:15:35,2025-10-18 01:15:35,482,474
ORD-0206,PROD-083,2026-04-05 00:02:14,2026-04-05 03:02:14,395,390
ORD-0207,PROD-017,2026-07-09 05:23:32,2026-07-09 07:23:32,443,436
ORD-0208,PROD-096,2026-04-15 18:53:04,2026-04-15 19:53:04,218,211
ORD-0209,PROD-088,2026-07-25 02:34:23,2026-07-25 03:34:23,474,472
ORD-0210,PROD-036,2026-01-15 04:58:22,2026-01-15 11:58:22,168,162
ORD-0211,PROD-084,2026-06-27 21:37:56,2026-06-27 23:37:56,394,394
ORD-0212,PROD-090,2026-01-23 20:00:42,2026-01-24 00:00:42,467,464
ORD-0213,PROD-044,2026-02-26 20:17:32,2026-02-26 21:17:32,311,308
ORD-0214,PROD-019,2025-12-16 02:01:35,2025-12-16 06:01:35,328,324
ORD-0215,PROD-053,2025-09-13 09:58:59,2025-09-13 11:58:59,288,278
ORD-0216,PROD-088,2026-01-13 09:33:54,2026-01-13 16:33:54,437,421
ORD-0217,PROD-082,2026-04-27 15:26:43,2026-04-27 20:26:43,327,321
ORD-0218,PROD-046,2025-09-16 18:34:56,2025-09-16 21:34:56,205,193
ORD-0219,PROD-063,2025-10-21 11:48:51,2025-10-21 15:48:51,440,433
ORD-0220,PROD-007,2025-10-04 08:07:34,2025-10-04 16:07:34,240,227
ORD-0221,PROD-060,2026-02-12 03:43:24,2026-02-12 08:43:24,101,88
ORD-0222,PROD-096,2025-12-14 09:42:53,2025-12-14 12:42:53,131,130
ORD-0223,PROD-027,2026-08-09 04:03:12,2026-08-09 12:03:12,368,359
ORD-0224,PROD-019,2025-11-15 01:29:42,2025-11-15 08:29:42,156,147
ORD-0225,PROD-055,2025-08-13 09:11:23,2025-08-13 14:11:23,243,238
ORD-0226,PROD-009,2025-11-20 00:13:24,2025-11-20 01:13:24,342,326
ORD-0227,PROD-083,2026-01-06 16:42:03,2026-01-07 00:42:03,278,269
ORD-0228,PROD-089,2025-11-10 04:44:44,2025-11-10 08:44:44,330,324
ORD-0229,PROD-035,2026-01-31 05:24:19,2026-01-31 10:24:19,344,332
ORD-0230,PROD-057,2026-05-30 11:02:59,2026-05-30 14:02:59,345,338
ORD-0231,PROD-083,2025-11-22 10:05:45,2025-11-22 13:05:45,108,101
ORD-0232,PROD-071,2025-12-16 17:51:32,2025-12-17 01:51:32,296,289
ORD-0233,PROD-093,2025-12-05 23:52:04,2025-12-06 02:52:04,156,148
ORD-0234,PROD-089,2026-03-24 22:27:22,2026-03-25 04:27:22,367,359
ORD-0235,PROD-040,2026-05-18 11:16:55,2026-05-18 13:16:55,239,223
ORD-0236,PROD-073,2026-03-21 05:07:57,2026-03-21 12:07:57,110,108
ORD-0237,PROD-033,2025-08-15 04:07:02,2025-08-15 06:07:02,223,214
ORD-0238,PROD-079,2025-11-20 07:22:50,2025-11-20 11:22:50,487,470
ORD-0239,PROD-068,2026-04-21 14:17:57,2026-04-21 17:17:57,421,406
ORD-0240,PROD-042,2025-12-28 08:47:49,2025-12-28 09:47:49,176,176
ORD-0241,PROD-001,2026-05-06 18:35:59,2026-05-07 01:35:59,390,380
ORD-0242,PROD-014,2025-11-10 12:01:41,2025-11-10 20:01:41,199,194
ORD-0243,PROD-033,2025-09-03 20:34:09,2025-09-04 01:34:09,469,456
ORD-0244,PROD-081,2026-04-27 01:44:46,2026-04-27 06:44:46,400,394
ORD-0245,PROD-073,2025-09-25 15:27:50,2025-09-25 22:27:50,442,423
ORD-0246,PROD-061,2026-02-07 11:19:27,2026-02-07 17:19:27,149,137
ORD-0247,PROD-006,2025-12-07 21:10:15,2025-12-08 01:10:15,225,215
ORD-0248,PROD-098,2025-10-11 18:11:50,2025-10-12 00:11:50,282,267
ORD-0249,PROD-064,2026-01-15 04:17:07,2026-01-15 08:17:07,372,362
ORD-0250,PROD-003,2026-05-04 04:11:53,2026-05-04 08:11:53,320,303
ORD-0251,PROD-018,2026-02-21 21:21:31,2026-02-21 23:21:31,152,134
ORD-0252,PROD-027,2026-08-04 05:30:00,2026-08-04 09:30:00,310,309
ORD-0253,PROD-095,2026-07-24 08:38:11,2026-07-24 16:38:11,311,294
ORD-0254,PROD-057,2026-07-21 12:26:15,2026-07-21 14:26:15,152,135
ORD-0255,PROD-028,2026-05-10 23:09:19,2026-05-11 02:09:19,213,207
ORD-0256,PROD-033,2026-06-05 16:58:02,2026-06-05 22:58:02,149,148
ORD-0257,PROD-016,2025-12-09 12:03:11,2025-12-09 13:03:11,400,387
ORD-0258,PROD-058,2026-05-05 19:30:04,2026-05-06 00:30:04,429,411
ORD-0259,PROD-031,2025-09-25 07:55:21,2025-09-25 11:55:21,147,137
ORD-0260,PROD-077,2026-04-15 18:44:58,2026-04-15 20:44:58,147,139
ORD-0261,PROD-089,2026-08-01 12:28:57,2026-08-01 16:28:57,122,107
ORD-0262,PROD-085,2025-12-03 07:28:42,2025-12-03 12:28:42,377,372
ORD-0263,PROD-053,2025-12-31 11:17:09,2025-12-31 12:17:09,350,344
ORD-0264,PROD-065,2026-04-06 10:15:10,2026-04-06 16:15:10,151,149
ORD-0265,PROD-001,2025-11-04 11:59:33,2025-11-04 15:59:33,394,386
ORD-0266,PROD-046,2025-11-03 19:57:18,2025-11-04 02:57:18,456,445
ORD-0267,PROD-004,2025-10-01 14:28:47,2025-10-01 22:28:47,384,379
ORD-0268,PROD-003,2026-02-12 10:30:25,2026-02-12 12:30:25,421,403
ORD-0269,PROD-021,2025-10-09 05:19:17,2025-10-09 10:19:17,198,193
ORD-0270,PROD-094,2026-02-03 10:14:13,2026-02-03 14:14:13,477,476
ORD-0271,PROD-026,2026-05-28 02:55:20,2026-05-28 05:55:20,200,194
ORD-0272,PROD-008,2026-04-02 23:25:29,2026-04-03 02:25:29,251,237
ORD-0273,PROD-018,2026-01-02 19:57:52,2026-01-03 03:57:52,215,196
ORD-0274,PROD-047,2026-01-19 05:29:26,2026-01-19 06:29:26,160,154
ORD-0275,PROD-020,2026-05-10 08:05:25,2026-05-10 13:05:25,451,438
ORD-0276,PROD-049,2026-03-12 00:45:54,2026-03-12 02:45:54,181,166
ORD-0277,PROD-005,2026-07-31 05:24:44,2026-07-31 06:24:44,187,176
ORD-0278,PROD-014,2026-02-09 13:57:51,2026-02-09 16:57:51,450,437
ORD-0279,PROD-028,2026-05-31 20:32:49,2026-05-31 22:32:49,491,486
ORD-0280,PROD-014,2026-03-07 11:33:23,2026-03-07 13:33:23,178,165
ORD-0281,PROD-035,2026-06-18 04:39:49,2026-06-18 11:39:49,217,212
ORD-0282,PROD-077,2026-04-25 15:20:14,2026-04-25 21:20:14,331,326
ORD-0283,PROD-023,2026-06-27 08:42:39,2026-06-27 12:42:39,329,316
ORD-0284,PROD-034,2025-11-03 13:16:20,2025-11-03 21:16:20,242,232
ORD-0285,PROD-026,2026-06-02 14:34:29,2026-06-02 18:34:29,475,475
ORD-0286,PROD-099,2025-11-14 20:04:24,2025-11-15 03:04:24,251,239
ORD-0287,PROD-015,2026-05-01 22:46:29,2026-05-02 06:46:29,146,128
ORD-0288,PROD-095,2026-05-30 20:12:39,2026-05-30 23:12:39,127,120
ORD-0289,PROD-051,2026-03-30 02:55:18,2026-03-30 04:55:18,386,371
ORD-0290,PROD-024,2026-07-15 19:44:13,2026-07-15 22:44:13,127,111
ORD-0291,PROD-007,2026-06-12 12:21:19,2026-06-12 16:21:19,164,157
ORD-0292,PROD-071,2025-09-11 12:36:54,2025-09-11 14:36:54,223,206
ORD-0293,PROD-069,2026-03-02 19:36:20,2026-03-02 21:36:20,273,257
ORD-0294,PROD-043,2026-01-31 05:31:17,2026-01-31 07:31:17,232,224
ORD-0295,PROD-055,2026-03-03 20:27:32,2026-03-03 23:27:32,191,190
ORD-0296,PROD-029,2026-05-11 01:06:15,2026-05-11 09:06:15,205,201
ORD-0297,PROD-080,2025-12-29 05:36:28,2025-12-29 07:36:28,365,361
ORD-0298,PROD-093,2025-09-10 01:29:55,2025-09-10 09:29:55,136,123
ORD-0299,PROD-059,2026-08-01 22:52:08,2026-08-02 00:52:08,477,467
ORD-0300,PROD-044,2026-03-17 19:57:44,2026-03-17 22:57:44,448,440
ORD-0301,PROD-100,2025-09-23 07:23:25,2025-09-23 08:23:25,116,116
ORD-0302,PROD-093,2025-09-03 17:09:19,2025-09-03 18:09:19,496,496
ORD-0303,PROD-022,2026-06-28 14:15:45,2026-06-28 15:15:45,142,132
ORD-0304,PROD-062,2026-03-11 09:59:22,2026-03-11 11:59:22,142,136
ORD-0305,PROD-083,2026-07-27 09:03:22,2026-07-27 11:03:22,324,307
ORD-0306,PROD-096,2026-02-23 01:00:34,2026-02-23 07:00:34,129,109
ORD-0307,PROD-046,2025-10-28 05:45:58,2025-10-28 06:45:58,468,464
ORD-0308,PROD-065,2026-03-21 03:29:42,2026-03-21 09:29:42,294,291
ORD-0309,PROD-034,2026-03-07 03:33:49,2026-03-07 08:33:49,485,476
ORD-0310,PROD-019,2025-10-07 22:15:14,2025-10-08 01:15:14,143,126
ORD-0311,PROD-067,2025-10-13 15:07:33,2025-10-13 23:07:33,247,232
ORD-0312,PROD-098,2025-12-16 03:48:23,2025-12-16 05:48:23,177,172
ORD-0313,PROD-006,2026-07-08 13:54:55,2026-07-08 18:54:55,356,337
ORD-0314,PROD-006,2026-02-28 19:27:47,2026-03-01 01:27:47,294,279
ORD-0315,PROD-006,2026-01-29 07:46:51,2026-01-29 14:46:51,339,339
ORD-0316,PROD-032,2025-09-24 20:57:50,2025-09-24 21:57:50,101,93
ORD-0317,PROD-044,2026-05-01 22:20:23,2026-05-02 05:20:23,276,256
ORD-0318,PROD-036,2025-10-29 12:00:33,2025-10-29 14:00:33,285,269
ORD-0319,PROD-073,2026-05-16 03:41:18,2026-05-16 06:41:18,307,295
ORD-0320,PROD-020,2026-03-25 04:51:32,2026-03-25 06:51:32,220,207
ORD-0321,PROD-042,2026-02-16 13:44:07,2026-02-16 18:44:07,361,354
ORD-0322,PROD-047,2025-09-15 01:09:58,2025-09-15 07:09:58,438,437
ORD-0323,PROD-049,2026-07-25 19:47:04,2026-07-26 00:47:04,187,169
ORD-0324,PROD-081,2026-02-24 22:34:18,2026-02-24 23:34:18,382,381
ORD-0325,PROD-027,2026-01-30 17:43:41,2026-01-31 01:43:41,127,114
ORD-0326,PROD-079,2026-06-20 19:05:06,2026-06-20 23:05:06,310,291
ORD-0327,PROD-003,2025-09-01 08:05:30,2025-09-01 16:05:30,416,405
ORD-0328,PROD-008,2026-02-02 19:49:26,2026-02-02 22:49:26,164,162
ORD-0329,PROD-051,2025-09-30 23:20:20,2025-10-01 04:20:20,124,121
ORD-0330,PROD-072,2026-02-26 01:20:42,2026-02-26 06:20:42,370,367
ORD-0331,PROD-094,2026-01-19 01:33:58,2026-01-19 02:33:58,233,213
ORD-0332,PROD-071,2026-02-04 03:11:56,2026-02-04 08:11:56,429,424
ORD-0333,PROD-067,2026-03-17 17:33:42,2026-03-18 01:33:42,355,348
ORD-0334,PROD-068,2025-09-02 03:40:27,2025-09-02 07:40:27,293,287
ORD-0335,PROD-032,2026-03-15 17:53:45,2026-03-15 19:53:45,304,296
ORD-0336,PROD-019,2026-02-06 07:12:24,2026-02-06 10:12:24,444,442
ORD-0337,PROD-093,2026-04-29 00:10:41,2026-04-29 07:10:41,416,407
ORD-0338,PROD-083,2026-06-20 02:31:29,2026-06-20 05:31:29,367,349
ORD-0339,PROD-021,2025-12-08 09:52:37,2025-12-08 14:52:37,308,299
ORD-0340,PROD-097,2026-05-18 14:59:15,2026-05-18 15:59:15,224,211
ORD-0341,PROD-056,2025-08-19 04:26:38,2025-08-19 07:26:38,288,272
ORD-0342,PROD-100,2026-01-11 12:02:17,2026-01-11 16:02:17,153,144
ORD-0343,PROD-006,2025-11-17 13:14:30,2025-11-17 18:14:30,142,128
ORD-0344,PROD-050,2026-06-23 19:25:27,2026-06-24 02:25:27,249,229
ORD-0345,PROD-097,2025-08-11 21:38:05,2025-08-12 00:38:05,281,270
ORD-0346,PROD-052,2026-05-27 08:55:48,2026-05-27 13:55:48,121,116
ORD-0347,PROD-044,2025-11-03 08:30:57,2025-11-03 12:30:57,469,458
ORD-0348,PROD-094,2026-03-23 07:46:49,2026-03-23 10:46:49,250,244
ORD-0349,PROD-061,2025-09-08 02:12:47,2025-09-08 03:12:47,442,440
ORD-0350,PROD-036,2025-08-28 07:39:36,2025-08-28 14:39:36,257,244
ORD-0351,PROD-068,2026-01-22 06:40:28,2026-01-22 11:40:28,362,344
ORD-0352,PROD-094,2025-12-22 12:46:13,2025-12-22 13:46:13,495,488
ORD-0353,PROD-072,2026-05-09 17:35:19,2026-05-09 19:35:19,288,281
ORD-0354,PROD-093,2025-09-04 11:48:50,2025-09-04 14:48:50,241,231
ORD-0355,PROD-090,2026-03-08 21:32:16,2026-03-09 00:32:16,338,319
ORD-0356,PROD-005,2025-09-03 03:09:06,2025-09-03 04:09:06,444,434
ORD-0357,PROD-008,2026-08-08 16:28:17,2026-08-08 21:28:17,451,431
ORD-0358,PROD-028,2026-07-24 00:14:55,2026-07-24 05:14:55,222,216
ORD-0359,PROD-025,2025-09-06 12:50:01,2025-09-06 16:50:01,491,480
ORD-0360,PROD-091,2026-08-08 08:56:51,2026-08-08 13:56:51,400,390
ORD-0361,PROD-019,2026-02-10 01:33:04,2026-02-10 03:33:04,302,295
ORD-0362,PROD-092,2025-08-23 01:19:08,2025-08-23 03:19:08,146,143
ORD-0363,PROD-093,2025-11-30 05:24:28,2025-11-30 13:24:28,369,355
ORD-0364,PROD-078,2026-01-16 12:26:40,2026-01-16 14:26:40,378,377
ORD-0365,PROD-012,2025-10-19 15:04:34,2025-10-19 19:04:34,223,205
ORD-0366,PROD-018,2026-06-05 08:52:03,2026-06-05 12:52:03,352,346
ORD-0367,PROD-029,2025-10-02 07:49:01,2025-10-02 14:49:01,429,419
ORD-0368,PROD-093,2026-06-04 03:33:35,2026-06-04 04:33:35,308,307
ORD-0369,PROD-098,2026-04-16 20:58:29,2026-04-16 22:58:29,142,123
ORD-0370,PROD-050,2026-05-20 22:59:57,2026-05-21 06:59:57,488,478
ORD-0371,PROD-053,2026-04-18 13:34:26,2026-04-18 15:34:26,336,320
ORD-0372,PROD-027,2026-01-20 23:35:09,2026-01-21 00:35:09,105,100
ORD-0373,PROD-014,2026-01-03 03:45:26,2026-01-03 04:45:26,115,97
ORD-0374,PROD-015,2026-07-22 21:21:35,2026-07-23 03:21:35,498,485
ORD-0375,PROD-002,2026-01-06 06:29:49,2026-01-06 09:29:49,405,389
ORD-0376,PROD-043,2026-01-31 22:11:51,2026-02-01 02:11:51,452,440
ORD-0377,PROD-034,2026-07-14 10:58:37,2026-07-14 18:58:37,426,411
ORD-0378,PROD-093,2026-08-01 21:39:38,2026-08-02 02:39:38,405,402
ORD-0379,PROD-088,2026-07-28 21:12:45,2026-07-29 04:12:45,101,82
ORD-0380,PROD-079,2026-01-04 08:02:58,2026-01-04 12:02:58,300,289
ORD-0381,PROD-010,2026-01-03 14:47:55,2026-01-03 20:47:55,168,167
ORD-0382,PROD-016,2025-09-10 21:30:45,2025-09-11 02:30:45,409,407
ORD-0383,PROD-038,2026-05-02 21:02:12,2026-05-03 02:02:12,155,138
ORD-0384,PROD-068,2026-04-24 17:52:55,2026-04-24 21:52:55,218,206
ORD-0385,PROD-076,2026-07-16 08:57:36,2026-07-16 16:57:36,275,275
ORD-0386,PROD-025,2026-03-08 04:10:17,2026-03-08 07:10:17,487,474
ORD-0387,PROD-028,2025-10-01 09:05:00,2025-10-01 12:05:00,470,465
ORD-0388,PROD-058,2026-04-21 12:54:28,2026-04-21 15:54:28,137,130
ORD-0389,PROD-054,2026-07-10 19:58:50,2026-07-11 00:58:50,271,261
ORD-0390,PROD-005,2025-12-23 18:58:44,2025-12-23 20:58:44,147,139
ORD-0391,PROD-069,2025-09-25 19:16:11,2025-09-26 00:16:11,166,150
ORD-0392,PROD-047,2025-10-19 01:01:24,2025-10-19 08:01:24,482,481
ORD-0393,PROD-031,2026-03-07 09:08:26,2026-03-07 10:08:26,498,488
ORD-0394,PROD-056,2026-01-10 09:06:02,2026-01-10 17:06:02,302,289
ORD-0395,PROD-015,2026-03-04 02:41:54,2026-03-04 03:41:54,365,362
ORD-0396,PROD-006,2025-09-29 04:29:22,2025-09-29 07:29:22,318,318
ORD-0397,PROD-027,2026-05-20 09:39:29,2026-05-20 13:39:29,128,112
ORD-0398,PROD-078,2025-11-05 05:09:06,2025-11-05 11:09:06,299,287
ORD-0399,PROD-050,2026-06-30 22:37:48,2026-07-01 00:37:48,490,490
ORD-0400,PROD-010,2025-08-12 01:54:07,2025-08-12 04:54:07,450,436
ORD-0401,PROD-013,2026-05-31 09:37:53,2026-05-31 15:37:53,481,475
ORD-0402,PROD-033,2025-08-19 13:26:13,2025-08-19 16:26:13,493,487
ORD-0403,PROD-056,2025-12-04 14:28:23,2025-12-04 20:28:23,282,281
ORD-0404,PROD-014,2026-02-06 13:02:15,2026-02-06 16:02:15,323,305
ORD-0405,PROD-055,2026-04-29 07:00:08,2026-04-29 15:00:08,420,405
ORD-0406,PROD-068,2026-05-16 23:58:12,2026-05-17 02:58:12,418,412
ORD-0407,PROD-015,2026-03-10 04:07:37,2026-03-10 09:07:37,248,247
ORD-0408,PROD-001,2026-01-22 10:41:18,2026-01-22 14:41:18,255,238
ORD-0409,PROD-044,2026-03-05 07:30:33,2026-03-05 15:30:33,499,493
ORD-0410,PROD-086,2026-01-05 00:38:29,2026-01-05 05:38:29,221,206
ORD-0411,PROD-028,2026-06-26 11:48:14,2026-06-26 14:48:14,308,307
ORD-0412,PROD-079,2025-11-07 22:09:10,2025-11-08 02:09:10,430,419
ORD-0413,PROD-086,2025-11-14 20:30:28,2025-11-14 22:30:28,127,124
ORD-0414,PROD-078,2026-02-05 14:52:02,2026-02-05 20:52:02,331,331
ORD-0415,PROD-073,2025-12-23 03:58:16,2025-12-23 04:58:16,359,348
ORD-0416,PROD-074,2025-10-09 23:21:52,2025-10-10 01:21:52,248,239
ORD-0417,PROD-033,2025-11-25 18:46:13,2025-11-25 21:46:13,108,94
ORD-0418,PROD-091,2025-10-22 22:17:37,2025-10-23 01:17:37,306,287
ORD-0419,PROD-074,2026-08-09 18:49:35,2026-08-10 01:49:35,492,473
ORD-0420,PROD-071,2026-07-16 15:03:36,2026-07-16 22:03:36,499,490
ORD-0421,PROD-038,2026-05-19 07:14:29,2026-05-19 15:14:29,145,129
ORD-0422,PROD-075,2026-06-04 00:24:42,2026-06-04 03:24:42,374,363
ORD-0423,PROD-032,2025-09-23 13:19:00,2025-09-23 20:19:00,426,408
ORD-0424,PROD-014,2025-08-23 05:48:56,2025-08-23 08:48:56,269,251
ORD-0425,PROD-040,2026-06-21 02:24:43,2026-06-21 07:24:43,110,94
ORD-0426,PROD-014,2026-04-24 03:01:01,2026-04-24 07:01:01,189,183
ORD-0427,PROD-038,2026-01-20 13:08:03,2026-01-20 16:08:03,499,492
ORD-0428,PROD-052,2026-04-06 13:01:41,2026-04-06 16:01:41,497,484
ORD-0429,PROD-090,2026-06-04 05:39:51,2026-06-04 06:39:51,308,289
ORD-0430,PROD-020,2026-08-09 07:53:54,2026-08-09 08:53:54,385,370
ORD-0431,PROD-059,2026-07-19 22:44:14,2026-07-20 05:44:14,427,424
ORD-0432,PROD-057,2026-07-21 23:59:40,2026-07-22 06:59:40,115,95
ORD-0433,PROD-040,2025-08-16 19:21:28,2025-08-16 22:21:28,483,477
ORD-0434,PROD-029,2025-11-12 04:42:03,2025-11-12 08:42:03,366,347
ORD-0435,PROD-047,2025-10-29 18:20:54,2025-10-30 00:20:54,443,424
ORD-0436,PROD-085,2025-09-05 20:43:31,2025-09-06 00:43:31,366,362
ORD-0437,PROD-045,2025-09-18 21:57:14,2025-09-18 22:57:14,245,245
ORD-0438,PROD-019,2026-03-29 09:29:21,2026-03-29 16:29:21,439,436
ORD-0439,PROD-071,2025-08-23 18:28:55,2025-08-24 01:28:55,274,274
ORD-0440,PROD-098,2026-01-31 02:39:39,2026-01-31 05:39:39,307,289
ORD-0441,PROD-056,2026-03-30 21:17:15,2026-03-31 03:17:15,378,374
ORD-0442,PROD-049,2026-04-28 17:14:34,2026-04-28 22:14:34,147,130
ORD-0443,PROD-081,2026-05-10 20:37:54,2026-05-11 03:37:54,276,263
ORD-0444,PROD-072,2026-07-15 11:08:15,2026-07-15 13:08:15,210,210
ORD-0445,PROD-087,2025-08-29 15:13:29,2025-08-29 23:13:29,318,315
ORD-0446,PROD-068,2025-11-13 18:36:58,2025-11-13 21:36:58,492,486
ORD-0447,PROD-097,2026-05-25 07:52:18,2026-05-25 13:52:18,392,382
ORD-0448,PROD-100,2025-08-27 21:50:41,2025-08-27 23:50:41,228,222
ORD-0449,PROD-020,2026-01-13 22:54:48,2026-01-14 03:54:48,304,287
ORD-0450,PROD-066,2026-01-28 04:57:30,2026-01-28 08:57:30,400,391
ORD-0451,PROD-004,2025-11-09 17:43:44,2025-11-09 22:43:44,420,419
ORD-0452,PROD-001,2026-03-08 08:27:16,2026-03-08 11:27:16,344,337
ORD-0453,PROD-056,2025-11-03 02:37:27,2025-11-03 03:37:27,441,425
ORD-0454,PROD-008,2026-05-30 16:54:46,2026-05-30 23:54:46,299,297
ORD-0455,PROD-065,2026-07-12 04:04:40,2026-07-12 06:04:40,490,478
ORD-0456,PROD-086,2026-06-08 02:57:57,2026-06-08 06:57:57,138,136
ORD-0457,PROD-004,2025-09-01 15:37:30,2025-09-01 19:37:30,413,403
ORD-0458,PROD-068,2025-10-04 03:41:12,2025-10-04 04:41:12,133,121
ORD-0459,PROD-036,2026-02-22 10:10:41,2026-02-22 11:10:41,413,393
ORD-0460,PROD-078,2025-12-01 01:39:33,2025-12-01 03:39:33,250,230
ORD-0461,PROD-007,2025-11-09 16:04:19,2025-11-09 18:04:19,477,467
ORD-0462,PROD-081,2026-06-23 13:12:27,2026-06-23 21:12:27,308,303
ORD-0463,PROD-083,2026-08-01 14:58:04,2026-08-01 18:58:04,398,384
ORD-0464,PROD-007,2026-05-21 19:45:56,2026-05-22 02:45:56,421,417
ORD-0465,PROD-036,2026-03-22 11:15:58,2026-03-22 17:15:58,212,192
ORD-0466,PROD-057,2025-12-12 13:55:35,2025-12-12 18:55:35,108,93
ORD-0467,PROD-051,2026-03-22 23:59:02,2026-03-23 07:59:02,406,397
ORD-0468,PROD-018,2026-03-30 22:31:30,2026-03-31 01:31:30,129,115
ORD-0469,PROD-086,2026-06-06 18:06:23,2026-06-07 01:06:23,490,477
ORD-0470,PROD-045,2026-04-28 21:58:48,2026-04-29 00:58:48,405,401
ORD-0471,PROD-096,2026-06-24 13:24:22,2026-06-24 14:24:22,384,382
ORD-0472,PROD-061,2025-12-13 06:20:38,2025-12-13 14:20:38,471,451
ORD-0473,PROD-073,2025-11-10 17:38:03,2025-11-11 00:38:03,124,119
ORD-0474,PROD-003,2025-12-05 22:10:37,2025-12-06 00:10:37,493,485
ORD-0475,PROD-034,2026-07-17 00:50:53,2026-07-17 07:50:53,368,351
ORD-0476,PROD-026,2025-10-05 08:48:45,2025-10-05 10:48:45,199,193
ORD-0477,PROD-017,2026-04-24 03:09:15,2026-04-24 11:09:15,218,216
ORD-0478,PROD-026,2026-03-01 03:56:26,2026-03-01 09:56:26,283,278
ORD-0479,PROD-060,2025-11-04 13:47:46,2025-11-04 19:47:46,305,302
ORD-0480,PROD-027,2026-01-18 08:11:20,2026-01-18 10:11:20,337,337
ORD-0481,PROD-011,2025-12-05 10:24:01,2025-12-05 13:24:01,447,444
ORD-0482,PROD-015,2025-11-25 14:08:56,2025-11-25 17:08:56,100,88
ORD-0483,PROD-031,2025-09-03 09:41:41,2025-09-03 13:41:41,484,471
ORD-0484,PROD-064,2026-03-14 22:31:03,2026-03-15 04:31:03,167,153
ORD-0485,PROD-025,2026-03-28 12:15:57,2026-03-28 18:15:57,292,289
ORD-0486,PROD-086,2026-07-18 09:03:22,2026-07-18 13:03:22,329,327
ORD-0487,PROD-076,2026-05-23 06:12:07,2026-05-23 11:12:07,257,249
ORD-0488,PROD-075,2026-07-30 18:02:53,2026-07-30 19:02:53,471,466
ORD-0489,PROD-051,2025-10-17 17:53:17,2025-10-17 23:53:17,124,120
ORD-0490,PROD-013,2026-04-10 20:12:27,2026-04-11 01:12:27,361,360
ORD-0491,PROD-007,2026-05-01 07:56:17,2026-05-01 14:56:17,241,232
ORD-0492,PROD-088,2026-01-23 15:19:35,2026-01-23 19:19:35,331,325
ORD-0493,PROD-061,2026-03-14 14:25:56,2026-03-14 19:25:56,152,140
ORD-0494,PROD-095,2026-02-19 05:02:57,2026-02-19 07:02:57,172,158
ORD-0495,PROD-022,2025-08-28 22:31:12,2025-08-29 06:31:12,441,425
ORD-0496,PROD-021,2025-12-22 11:42:26,2025-12-22 14:42:26,138,138
ORD-0497,PROD-069,2026-04-17 13:40:08,2026-04-17 15:40:08,351,333
ORD-0498,PROD-025,2026-04-28 10:53:40,2026-04-28 13:53:40,152,132
ORD-0499,PROD-022,2026-01-05 18:08:50,2026-01-05 23:08:50,365,352
ORD-0500,PROD-094,2026-06-11 21:45:29,2026-06-12 03:45:29,476,461
